#usda 1.0
(
    customLayerData = {
        dictionary MovieCaptureSettings = {
            double animation_fps = 24
            int bad_frame_size_threshold = 0
            int batch_count = 1
            string camera_name = "/World/Cameras/FlyThrough"
            bool capture_application = 0
            int capture_every_nth_frames = 20
            bool capture_every_nth_frames_checked = 0
            int capture_frame_end = 320
            int capture_frame_start = 1
            string capture_name = "internal"
            string capture_range = "Custom Range - Frames"
            double capture_time_end = 10
            double capture_time_start = 0
            int early_quit_time_limit = 0
            string exr_compression_method = "zips"
            double fps = 24
            bool generate_shader_cache = 0
            bool hdr_for_exr_checked = 1
            bool hdr_for_exr_visible = 0
            int iray_pathtrace_spp = 1
            int iray_subframes_per_frame = 32
            int max_bad_frame_threshold = 3
            string movie_type = "Sequence"
            int mp4_encoding_bitrate = 16777216
            int mp4_encoding_iframe_interval = 60
            string mp4_encoding_preset = "PRESET_P3"
            string mp4_encoding_profile = "H264_PROFILE_HIGH"
            string mp4_encoding_rc_mode = "RC_VBR"
            int mp4_encoding_rc_target_quality = 0
            string mp4_encoding_tuning_info = "TUNING_HIGH_QUALITY"
            bool mp4_encoding_video_full_range_flag = 0
            string output_format = ".png"
            string output_path = "/home/daniel/Documents/Kit/shared/capture"
            bool overwrite_existing_frame_checked = 0
            bool pathtrace_mb_checked = 1
            double pathtrace_mb_frame_shutter_close = 0.5
            double pathtrace_mb_frame_shutter_open = 0
            int pathtrace_mb_subframes = 64
            int pathtrace_spp_per_iteration_mgpu = 1
            int pathtrace_spp_per_subframe = 1
            string queue_instance = "localhost Queue"
            int realtime_settle_latency = 0
            int realtime_wait_for_render_resolve = 0
            string render_preset = "RealTimePathTracing"
            bool render_style = 1
            bool renumber_negtive_frames_checked = 0
            int resolution_aspect_ratio_selected = 0
            string resolution_aspect_ratios = '["16:9", "4:3"]'
            int resolution_height = 1080
            string resolution_type = "Custom"
            bool resolution_w_h_linked = 1
            int resolution_width = 1920
            int run_n_frames_before_start = 20
            bool run_n_frames_before_start_checked = 0
            bool save_alpha_checked = 0
            bool skip_upload_to_s3 = 0
            int start_delay_seconds = 10
            double sunstudy_end = 18
            int sunstudy_movie_minutes = 1
            int sunstudy_movie_seconds = 1
            double sunstudy_start = 6
            string task_comment = ""
            int task_priority = 65535
            string task_type = "create-render"
            double texture_streaming_memory_budget = 0.6000000238418579
            bool upload_to_s3 = 0
        }
        dictionary cameraSettings = {
            dictionary Front = {
                double3 position = (0, 0, 500)
                double radius = 5
            }
            dictionary Perspective = {
                double3 position = (52.857066778590514, -6.407049969711234, -9.897261772662025)
                double3 target = (-24.16735134828958, -41.643375055243936, 28.184799419805387)
            }
            dictionary Right = {
                double3 position = (-500, 0, 0)
                double radius = 5
            }
            dictionary Top = {
                double3 position = (15.853560434813664, 500, -8.883883711149457)
                double radius = 61.058294677734374
            }
            string boundCamera = "/World/still"
        }
        dictionary omni_layer = {
            string authoring_layer = "./healthy_tau.usda"
        }
        int refinementOverrideImplVersion = 0
        dictionary renderSettings = {
            double "rtx:directLighting:sampledLighting:maxRayUnexposedIntensity" = 6399.9990234375
            int "rtx:externalFrameCounter" = 320
            double "rtx:indirectDiffuse:maxRayUnexposedIntensity" = 6399.9990234375
            double "rtx:pathtracing:fireflyFilter:maxPerEmissiveUnexposedIntensity" = 3199.99951171875
            double "rtx:pathtracing:fireflyFilter:maxUnexposedIntensityPerSample" = 3199.99951171875
            double "rtx:pathtracing:fireflyFilter:maxUnexposedIntensityPerSampleDiffuse" = 3199.99951171875
            double "rtx:raytracing:inscattering:maxRTSampleUnexposedIntensity" = 204799.96875
            double "rtx:translucency:maxRayUnexposedIntensity" = 19199.998046875
        }
    }
    defaultPrim = "World"
    endTimeCode = 320
    metersPerUnit = 0.01
    startTimeCode = 1
    subLayers = [
        @healthy_tau_camera.usda@,
        @healthy_tau_materials.usda@,
        @healthy_tau_alignment.usda@,
        @healthy_tau_base.usda@
    ]
    timeCodesPerSecond = 24
    upAxis = "Y"
)

def Xform "World"
{
    over "NeuronModel"
    {
        over "Microtubules_B"
        {
            over "Prototypes"
            {
                over "TauProtein"
                {
                    over "NurbsPath"
                    {
                        over "NurbsPath"
                        {
                            token visibility = "invisible"
                        }
                    }
                }
            }
        }

        over "Microtubules_08"
        {
            float xformOp:rotateX = 73.586296
            float xformOp:rotateY = -12.990949
            float xformOp:rotateZ = 63.529278
            float3 xformOp:scale = (0.1, 0.1, 0.1)
            double3 xformOp:translate = (-1.2421618565518766, 4.634050551240782, 2.328343706700064)
            uniform token[] xformOpOrder = ["xformOp:translate", "xformOp:rotateZ", "xformOp:rotateY", "xformOp:rotateX", "xformOp:scale"]
        }

        over "Microtubules_10"
        {
            float xformOp:rotateX = 135.52682
            float xformOp:rotateY = -13.722503
            float xformOp:rotateZ = 86.36963
            float3 xformOp:scale = (0.1, 0.1, 0.1)
            double3 xformOp:translate = (0.22511187683954476, 3.9663366440820003, 1.8096925254071747)
            uniform token[] xformOpOrder = ["xformOp:translate", "xformOp:rotateZ", "xformOp:rotateY", "xformOp:rotateX", "xformOp:scale"]
        }

        over "Microtubules_09"
        {
            float xformOp:rotateX = 197.13977
            float xformOp:rotateY = 43.02415
            float xformOp:rotateZ = 115.97241
            float3 xformOp:scale = (0.1, 0.1, 0.1)
            double3 xformOp:translate = (-7.883053705122361, 3.077135326086572, 1.3735248834547196)
            uniform token[] xformOpOrder = ["xformOp:translate", "xformOp:rotateZ", "xformOp:rotateY", "xformOp:rotateX", "xformOp:scale"]
        }

        over "Microtubules_07"
        {
            float xformOp:rotateX = 71.96148
            float xformOp:rotateY = -0.15596047
            float xformOp:rotateZ = 54.396183
            float3 xformOp:scale = (0.1, 0.1, 0.1)
            double3 xformOp:translate = (-0.09699805957667676, 3.158117722473328, -6.000477202677775)
            uniform token[] xformOpOrder = ["xformOp:translate", "xformOp:rotateZ", "xformOp:rotateY", "xformOp:rotateX", "xformOp:scale"]
        }

        over "Microtubules_02"
        {
            float xformOp:rotateX = 180
            float xformOp:rotateY = 0
            float xformOp:rotateZ = 0
            float3 xformOp:scale = (0.15, 0.15, 0.15)
            double3 xformOp:translate = (-0.46406350114412065, -17.249323643241514, 0.13756413426033845)
            uniform token[] xformOpOrder = ["xformOp:translate", "xformOp:rotateZ", "xformOp:rotateY", "xformOp:rotateX", "xformOp:scale"]
        }

        over "Microtubules_06"
        {
            float xformOp:rotateX = 173.54794
            float xformOp:rotateY = 2.129183
            float xformOp:rotateZ = 14.391725
            float3 xformOp:scale = (0.1, 0.1, 0.1)
            double3 xformOp:translate = (0.2208202118093694, -47.52847753031715, 1.1914002413986737)
            uniform token[] xformOpOrder = ["xformOp:translate", "xformOp:rotateZ", "xformOp:rotateY", "xformOp:rotateX", "xformOp:scale"]

            over "Prototypes"
            {
                over "Segment"
                {
                    over "BézierCurve_006"
                    {
                        over "Mesh_006"
                        {
                            quatf xformOp:orient = (1, 0, 0, 0)
                            float3 xformOp:scale = (1, 1, 1)
                            uniform token[] xformOpOrder = ["xformOp:translate", "xformOp:orient", "xformOp:scale"]
                        }
                    }
                }
            }
        }

        over "Microtubules_03"
        {
            float xformOp:rotateX = 179.57585
            float xformOp:rotateY = -0.063509375
            float xformOp:rotateZ = -0.9031304
            float3 xformOp:scale = (0.1, 0.1, 0.1)
            double3 xformOp:translate = (-0.39999999999998626, -26.6, 0.3259572767731044)
            uniform token[] xformOpOrder = ["xformOp:translate", "xformOp:rotateZ", "xformOp:rotateY", "xformOp:rotateX", "xformOp:scale"]
        }

        over "Microtubules_04"
        {
            float xformOp:rotateX = 177
            float xformOp:rotateY = 0
            float xformOp:rotateZ = 0
            float3 xformOp:scale = (0.1, 0.1, 0.1)
            double3 xformOp:translate = (-0.4, -33.60000000000004, 0.31025007855307224)
            uniform token[] xformOpOrder = ["xformOp:translate", "xformOp:rotateZ", "xformOp:rotateY", "xformOp:rotateX", "xformOp:scale"]
        }

        def "Microtubules_11" (
            prepend apiSchemas = ["MaterialBindingAPI"]
            prepend references = @./microtubule_bundle.usda@</World/MicrotubuleBundle>
        )
        {
            rel material:binding = </World/Materials/MicrotubuleGlow> (
                bindMaterialAs = "weakerThanDescendants"
            )
            float xformOp:rotateX = 105.94371
            float xformOp:rotateY = -44.989014
            float xformOp:rotateZ = 67.74601
            float3 xformOp:scale = (0.1, 0.1, 0.1)
            double3 xformOp:translate = (-3.1536971037293733, 5.800000086426735, -6.1953716323250765)
            uniform token[] xformOpOrder = ["xformOp:translate", "xformOp:rotateZ", "xformOp:rotateY", "xformOp:rotateX", "xformOp:scale"]

            over "Prototypes"
            {
                over "Segment" (
                    prepend apiSchemas = ["MaterialBindingAPI"]
                )
                {
                    rel material:binding = </World/Materials/MicrotubuleGlow> (
                        bindMaterialAs = "strongerThanDescendants"
                    )
                    float xformOp:rotateX = -90
                    float xformOp:rotateY = 0
                    float xformOp:rotateZ = 0
                    float3 xformOp:scale = (1, 1, 1)
                    double3 xformOp:translate = (29.96829093201537, 2.0698357698624292, 3.46871208806094)
                    uniform token[] xformOpOrder = ["xformOp:translate", "xformOp:rotateZ", "xformOp:rotateY", "xformOp:rotateX", "xformOp:scale"]
                }

                over "TauProtein" (
                    prepend apiSchemas = ["MaterialBindingAPI"]
                )
                {
                    rel material:binding = </World/Materials/TauGlow> (
                        bindMaterialAs = "strongerThanDescendants"
                    )
                    float xformOp:rotateX = -90
                    float xformOp:rotateY = 0
                    float xformOp:rotateZ = 0
                    float3 xformOp:scale = (1, 1, 1)
                    double3 xformOp:translate = (43.856672864302176, 14.728590410916254, -7.0466154745604115)
                    uniform token[] xformOpOrder = ["xformOp:translate", "xformOp:rotateZ", "xformOp:rotateY", "xformOp:rotateX", "xformOp:scale"]

                    over "NurbsPath"
                    {
                        over "NurbsPath"
                        {
                            double3 xformOp:rotateZYX
                            double3 xformOp:scale
                            double3 xformOp:translate = (15.100000225007534, -14.800000220537186, 8.00000011920929)
                            uniform token[] xformOpOrder = ["xformOp:translate", "xformOp:rotateZYX", "xformOp:scale"]
                        }
                    }
                }
            }
        }

        over "Microtubules_05"
        {
            float xformOp:rotateX = 173.04268
            float xformOp:rotateY = 0.10218263
            float xformOp:rotateZ = 0.57034796
            float3 xformOp:scale = (0.1, 0.1, 0.1)
            double3 xformOp:translate = (-0.40000000000000013, -40.59040674328148, 0.5101153099485443)
            uniform token[] xformOpOrder = ["xformOp:translate", "xformOp:rotateZ", "xformOp:rotateY", "xformOp:rotateX", "xformOp:scale"]
        }

        over "Microtubules_01"
        {
            over "Prototypes"
            {
                over "Segment"
                {
                    float xformOp:rotateX = -90
                    float xformOp:rotateY = 0
                    float xformOp:rotateZ = 0
                    float3 xformOp:scale = (1, 1, 1)
                    double3 xformOp:translate = (-0.4000000059604645, 0, 0)
                    uniform token[] xformOpOrder = ["xformOp:translate", "xformOp:rotateZ", "xformOp:rotateY", "xformOp:rotateX", "xformOp:scale"]

                    over "BézierCurve_001"
                    {
                        over "Mesh_001"
                        {
                            quatf xformOp:orient = (1, 0, 0, 0)
                            float3 xformOp:scale = (1, 1, 1)
                            double3 xformOp:translate = (0, 0, 0)
                            uniform token[] xformOpOrder = ["xformOp:translate", "xformOp:orient", "xformOp:scale"]
                        }
                    }
                }
            }
        }
    }

    over "Cameras"
    {
        over "FlyThrough"
        {
            float exposure:fStop = 5
            float exposure:responsivity = 1.1026709
            float exposure:time = 0.02
            custom uniform vector3d omni:kit:centerOfInterest = (0, 0, -81.19903414838507)
            token visibility = "invisible"
            float xformOp:rotateX = -90
            float xformOp:rotateX.timeSamples = {
                0: -90,
                1: -90,
                240: -90,
            }
            float xformOp:rotateY = -0
            float xformOp:rotateY.timeSamples = {
                0: 0,
                1: 0,
                240: 0,
            }
            float xformOp:rotateZ = 0
            float3 xformOp:scale = (1, 1, 1)
            double3 xformOp:translate = (-0.4, -30.085736245962174, 1.8483671471263314e-15)
            double3 xformOp:translate.timeSamples = {
                0: (-0.4, -51.42684051396858, 0),
                1: (-0.4, -52, 0),
                240: (-0.4, 6, 0),
                320: (-0.4, 25.41, 0),
            }
            uniform token[] xformOpOrder = ["xformOp:translate", "xformOp:rotateZ", "xformOp:rotateY", "xformOp:rotateX", "xformOp:scale"]
        }
    }

    def Camera "Camera" (
        prepend apiSchemas = ["OmniRtxCameraAutoExposureAPI_1", "OmniRtxCameraExposureAPI_1"]
    )
    {
        float2 clippingRange = (0.01, 10000000)
        float exposure:fStop = 5
        float exposure:responsivity = 1.1026709
        float exposure:time = 0.02
        float focalLength = 18.147562
        float focusDistance = 400
        custom uniform vector3d omni:kit:centerOfInterest = (0, 0, -445.17287402077)
        quatd xformOp:orient = (0.5856687891860515, -1.56617897834842e-16, 0.8105504730572578, 5.297787830234185e-16)
        double3 xformOp:scale = (1, 1, 1)
        double3 xformOp:translate = (55, 12, -19)
        double3 xformOp:translate.timeSamples = {
            1: (55, 12, -19),
            240: (55, -49.5, -19),
        }
        uniform token[] xformOpOrder = ["xformOp:translate", "xformOp:orient", "xformOp:scale"]
    }

    def DistantLight "DistantLight" (
        prepend apiSchemas = ["ShapingAPI"]
    )
    {
        float inputs:angle = 1
        float inputs:intensity = 3000
        float inputs:shaping:cone:angle = 180
        float inputs:shaping:cone:softness
        float inputs:shaping:focus
        color3f inputs:shaping:focusTint
        asset inputs:shaping:ies:file
        custom int omni:rtx:usdluxVersion = 2505
        quatd xformOp:orient = (0.9238795325112867, -0.3826834323650898, 0, 0)
        double3 xformOp:scale = (1, 1, 1)
        double3 xformOp:translate = (0, 36.804583227643036, 36.614326270742424)
        uniform token[] xformOpOrder = ["xformOp:translate", "xformOp:orient", "xformOp:scale"]
    }

    def Camera "Camera_Spiral" (
        prepend apiSchemas = ["OmniRtxCameraAutoExposureAPI_1", "OmniRtxCameraExposureAPI_1"]
    )
    {
        float2 clippingRange = (0.01, 10000000)
        float exposure:fStop = 5
        float exposure:responsivity = 1.1026709
        float exposure:time = 0.02
        float focalLength = 18.147562
        float focusDistance = 400
        custom uniform vector3d omni:kit:centerOfInterest = (0, 0, -58.56756781700944)
        quatd xformOp:orient = (0.5812006419479966, 0, 0.8137602925918892, 0)
        quatd xformOp:orient.timeSamples = {
            1: (0.5812006419479966, 0, 0.8137602925918892, 0),
            2: (0.5971316311035887, 0, 0.8021432634732826, 0),
            3: (0.6128304842740873, 0, 0.7902143997323688, 0),
            4: (0.6282910985023618, 0, 0.7779783387361733, 0),
            5: (0.6435074634470958, 0, 0.7654398372752, 0),
            6: (0.6584736637193161, 0, 0.7526037697142242, 0),
            7: (0.6731838811820122, 0, 0.739475126097371, 0),
            8: (0.6876323972119461, 0, 0.7260590102082284, 0),
            9: (0.7018135949227781, 0, 0.7123606375857435, 0),
            10: (0.7157219613486407, 0, 0.6983853334966699, 0),
            11: (0.7293520895873156, 0, 0.6841385308653624, 0),
            12: (0.742698680902174, 0, 0.6696257681617179, 0),
            13: (0.7557565467820717, 0, 0.654852687248085, 0),
            14: (0.7685206109583921, 0, 0.6398250311859797, 0),
            15: (0.7809859113784532, 0, 0.6245486420034608, 0),
            16: (0.7931476021345156, 0, 0.6090294584240307, 0),
            17: (0.805000955347638, 0, 0.5932735135579458, 0),
            18: (0.8165413630056478, 0, 0.5772869325568342, 0),
            19: (0.8277643387545142, 0, 0.5610759302325328, 0),
            20: (0.8386655196424263, 0, 0.544646808641067, 0),
            21: (0.849240667815899, 0, 0.5280059546327162, 0),
            22: (0.8594856721672451, 0, 0.5111598373691137, 0),
            23: (0.8693965499327768, 0, 0.49411500580834894, 0),
            24: (0.8789694482411111, 0, 0.4768780861590483, 0),
            25: (0.888200645610981, 0, 0.45945577930442505, 0),
            26: (0.8970865533979682, 0, 0.44185485819729803, 0),
            27: (0.9056237171895946, 0, 0.4240821652270952, 0),
            28: (0.9138088181482311, 0, 0.4061446095598623, 0),
            29: (0.9216386743013024, 0, 0.3880491644523124, 0),
            30: (0.929110241778284, 0, 0.36980286454095856, 0),
            31: (0.936220615994012, 0, 0.35141280310738937, 0),
            32: (0.9429670327778464, 0, 0.33288612932073913, 0),
            33: (0.9493468694482471, 0, 0.3142300454584394, 0),
            34: (0.9553576458323457, 0, 0.2954518041063182, 0),
            35: (0.9609970252301178, 0, 0.2765587053391457, 0),
            36: (0.9662628153227784, 0, 0.2575580938827167, 0),
            37: (0.9711529690250507, 0, 0.2384573562585751, 0),
            38: (0.9756655852809735, 0, 0.21926391791249075, 0),
            39: (0.9797989098029403, 0, 0.19998524032780507, 0),
            40: (0.9835513357536813, 0, 0.18062881812476483, 0),
            41: (0.9869214043709253, 0, 0.1612021761469753, 0),
            42: (0.9899078055344953, 0, 0.14171286653610468, 0),
            43: (0.9925093782756199, 0, 0.12216846579597543, 0),
            44: (0.9947251112282628, 0, 0.10257657184718261, 0),
            45: (0.9965541430222922, 0, 0.08294480107339362, 0),
            46: (0.9979957626183406, 0, 0.06328078536046192, 0),
            47: (0.9990494095842225, 0, 0.04359216912951712, 0),
            48: (0.9997146743128035, 0, 0.02388660636518456, 0),
            49: (0.9999912981812354, 0, 0.004171757640067576, 0),
            50: (0.9998791736514967, 0, -0.015544712863224832, -0),
            51: (0.999378344312198, 0, -0.03525514033172887, -0),
            52: (0.9984890048616369, 0, -0.05495186230163596, -0),
            53: (0.9972115010321089, 0, -0.07462722163720373, -0),
            54: (0.9955463294555028, 0, -0.0942735695074471, -0),
            55: (0.9934941374702349, 0, -0.11388326835964138, -0),
            56: (0.9910557228695943, 0, -0.13344869488843222, -0),
            57: (0.9882320335916, 0, -0.15296224299941105, -0),
            58: (0.9850241673504876, 0, -0.17241632676599575, -0),
            59: (0.9814333712099719, 0, -0.19180338337847316, -0),
            60: (0.9774610410984477, 0, -0.21111587608405671, -0),
            61: (0.9731087212663206, 0, -0.2303462971168112, -0),
            62: (0.9683781036856768, 0, -0.24948717061631168, -0),
            63: (0.9632710273925262, 0, -0.26853105553389345, -0),
            64: (0.9577894777718737, 0, -0.28747054852537746, -0),
            65: (0.9519355857858971, 0, -0.30629828682913157, -0),
            66: (0.9457116271455314, 0, -0.32500695112835887, -0),
            67: (0.9391200214257834, 0, -0.3435892683964912, -0),
            68: (0.9321633311251163, 0, -0.362038014724596, -0),
            69: (0.9248442606692744, 0, -0.3803460181296805, -0),
            70: (0.9171656553599332, 0, -0.39850616134281314, -0),
            71: (0.9091305002685821, 0, -0.41651138457597725, -0),
            72: (0.9007419190760734, 0, -0.4343546882665737, -0),
            73: (0.8920031728582863, 0, -0.4520291357985126, -0),
            74: (0.8829176588183767, 0, -0.46952785619883786, -0),
            75: (0.8734889089661092, 0, -0.48684404680882787, -0),
            76: (0.8637205887447815, 0, -0.5039709759285429, -0),
            77: (0.8536164956062771, 0, -0.5209019854337845, -0),
            78: (0.843180557534799, 0, -0.5376304933644532, -0),
            79: (0.8324168315198598, 0, -0.5541499964832963, -0),
            80: (0.8213295019791179, 0, -0.5704540728040551, -0),
            81: (0.8099228791316786, 0, -0.5865363840880226, -0),
            82: (0.7982013973224897, 0, -0.6023906783080437, -0),
            83: (0.7861696132984801, 0, -0.6180107920790042, -0),
            84: (0.7738322044371189, 0, -0.6333906530538553, -0),
            85: (0.7611939669280733, 0, -0.6485242822842513, -0),
            86: (0.748259813908684, 0, -0.6634057965448763, -0),
            87: (0.7350347735539734, 0, -0.6780294106205564, -0),
            88: (0.7215239871219337, 0, -0.692389439555275, -0),
            89: (0.7077327069548527, 0, -0.7064803008622085, -0),
            90: (-0.6936662944374584, 0, 0.7202965166939274, -0),
            91: (-0.6793302179126695, 0, 0.7338327159719203, -0),
            92: (-0.6647300505557671, 0, 0.7470836364746101, -0),
            93: (-0.6498714682078156, 0, 0.7600441268830502, -0),
            94: (-0.6347602471691645, 0, 0.772709148783513, -0),
            95: (-0.6194022619539071, 0, 0.7850737786261769, -0),
            96: (-0.6038034830061488, 0, 0.797133209639169, -0),
            97: (-0.587969974378987, 0, 0.8088827536972052, -0),
            98: (-0.5719078913771001, 0, 0.8203178431441066, -0),
            99: (-0.5556234781638616, 0, 0.8314340325684851, -0),
            100: (-0.539123065333912, 0, 0.8422270005319034, -0),
            101: (-0.5224130674521253, 0, 0.8526925512488435, -0),
            102: (-0.5054999805599395, 0, 0.8628266162178245, -0),
            103: (-0.48839037965000665, 0, 0.872625255803041, -0),
            104: (-0.47109091611015275, 0, 0.8820846607659023, -0),
            105: (-0.45360831513763883, 0, 0.8912011537458827, -0),
            106: (-0.4359493731247313, 0, 0.8999711906900986, -0),
            107: (-0.4181209550165878, 0, 0.9083913622310686, -0),
            108: (-0.4001299916425004, 0, 0.9164583950121101, -0),
            109: (-0.38198347702152363, 0, 0.9241691529598612, -0),
            110: (-0.3636884656435343, 0, 0.9315206385034375, -0),
            111: (-0.3452520697267908, 0, 0.9385099937397402, -0),
            112: (-0.3266814564530412, 0, 0.9451345015444732, -0),
            113: (-0.3079838451812692, 0, 0.9513915866284293, -0),
            114: (-0.28916650464115845, 0, 0.9572788165386378, -0),
            115: (-0.27023675010735765, 0, 0.9627939026039859, -0),
            116: (-0.2512019405556564, 0, 0.9679347008249433, -0),
            117: (-0.2320694758021682, 0, 0.9726992127070461, -0),
            118: (-0.21284679362664252, 0, 0.9770855860378135, -0),
            119: (-0.19354136688101006, 0, 0.9810921156068019, -0),
            120: (-0.17416070058430194, 0, 0.9847172438685053, -0),
            121: (-0.15471232900505916, 0, 0.9879595615478554, -0),
            122: (-0.13520381273236887, 0, 0.9908178081880799, -0),
            123: (-0.11564273573667933, 0, 0.9932908726407068, -0),
            124: (-0.09603670242151031, 0, 0.9953777934975254, -0),
            125: (-0.0763933346672314, 0, 0.9970777594643361, -0),
            126: (-0.056720268868043135, 0, 0.9983901096763413, -0),
            127: (-0.03702515296331214, 0, 0.9993143339550591, -0),
            128: (-0.01731564346442486, 0, 0.999850073006655, -0),
            129: (0.002400597521699144, 0, 0.9999971185616181, 0),
            130: (0.022115905271261296, 0, 0.9997554134557275, 0),
            131: (0.041822615423259976, 0, 0.9991250516522736, 0),
            132: (0.06151306695902647, 0, 0.9981062782055299, 0),
            133: (0.0811796051804563, 0, 0.9966994891654882, 0),
            134: (0.10081458468578988, 0, 0.9949052314238939, 0),
            135: (0.12041037234177449, 0, 0.9927242025016391, 0),
            136: (0.13995935025105816, 0, 0.9901572502776019, 0),
            137: (0.1594539187136623, 0, 0.9872053726590314, 0),
            138: (0.17888649918137522, 0, 0.9838697171936088, 0),
            139: (0.19824953720393154, 0, 0.9801515806233377, 0),
            140: (0.21753550536581379, 0, 0.9760524083804312, 0),
            141: (0.2367369062125502, 0, 0.9715737940253999, 0),
            142: (0.25584627516536446, 0, 0.9667174786275506, 0),
            143: (0.2748561834230403, 0, 0.9614853500881436, 0),
            144: (0.2937592408498869, 0, 0.9558794424064669, 0),
            145: (0.3125480988486628, 0, 0.9499019348891161, 0),
            146: (0.33121545321735746, 0, 0.9435551513027847, 0),
            147: (0.34975404698871326, 0, 0.936841558970895, 0),
            148: (0.3681566732513835, 0, 0.9297637678144239, 0),
            149: (0.38641617795163374, 0, 0.9223245293372889, 0),
            150: (0.4045254626744912, 0, 0.9145267355566971, 0),
            151: (0.42247748740326646, 0, 0.906373417878869, 0),
            152: (0.44026527325637443, 0, 0.8978677459205727, 0),
            153: (0.4578819052003829, 0, 0.8890130262769312, 0),
            154: (0.47532053473824837, 0, 0.8798127012359764, 0),
            155: (0.49257438257168046, 0, 0.8702703474404536, 0),
            156: (0.5096367412366035, 0, 0.8603896744973961, 0),
            157: (0.5265009777106989, 0, 0.8501745235360082, 0),
            158: (0.5431605359920011, 0, 0.8396288657144192, 0),
            159: (0.5596089396475578, 0, 0.8287568006758897, 0),
            160: (0.5758397943311531, 0, 0.8175625549550662, 0),
            161: (0.5918467902691205, 0, 0.8060504803349106, 0),
            162: (0.6076237047132812, 0, 0.7942250521549338, 0),
            163: (0.6231644043600457, 0, 0.7820908675714028, 0),
            164: (0.6384628477347479, 0, 0.7696526437701855, 0),
            165: (0.6535130875402798, 0, 0.7569152161329369, 0),
            166: (0.6683092729691112, 0, 0.7438835363573373, 0),
            167: (0.6828456519778054, 0, 0.7305626705321083, 0),
            168: (0.6971165735231325, 0, 0.7169577971675648, 0),
            169: (0.711116489758925, 0, 0.7030742051824577, 0),
            170: (0.7248399581928132, 0, 0.6889172918478972, 0),
            171: (0.7382816438020001, 0, 0.6744925606891574, 0),
            172: (0.7514363211072662, 0, 0.6598056193461658, 0),
            173: (0.7642988762043798, 0, 0.6448621773935281, 0),
            174: (0.776864308752139, 0, 0.6296680441209171, 0),
            175: (0.7891277339162615, 0, 0.6142291262747038, 0),
            176: (0.8010843842683729, 0, 0.5985514257616984, 0),
            177: (0.8127296116393545, 0, 0.5826410373158966, 0),
            178: (0.8240588889263248, 0, 0.5665041461291443, 0),
            179: (0.8350678118525613, 0, 0.5501470254466303, 0),
            180: (0.8457521006796693, 0, 0.5335760341281517, 0),
            181: (0.856107601871338, 0, 0.5167976141760975, 0),
            182: (0.8661302897080364, 0, 0.4998182882311062, 0),
            183: (0.8758162678520166, 0, 0.4826446570363798, 0),
            184: (0.8851617708620253, 0, 0.465283396871631, 0),
            185: (0.8941631656571215, 0, 0.4477412569576709, 0),
            186: (0.9028169529290478, 0, 0.4300250568326332, 0),
            187: (0.9111197685025899, 0, 0.4121416837008688, 0),
            188: (0.9190683846434056, 0, 0.39409808975553423, 0),
            189: (0.9266597113128137, 0, 0.3759012894759112, 0),
            190: (0.933890797369051, 0, 0.35755835690051785, 0),
            191: (0.9407588317145347, 0, 0.3390764228770615, 0),
            192: (0.947261144388681, 0, 0.3204626722903096, 0),
            193: (0.9533952076058567, 0, 0.30172434126895586, 0),
            194: (0.9591586367380617, 0, 0.2828687143725567, 0),
            195: (0.9645491912419556, 0, 0.26390312175965136, 0),
            196: (0.9695647755298746, 0, 0.2448349363381456, 0),
            197: (0.9742034397844941, 0, 0.22567157089908244, 0),
            198: (0.978463380716823, 0, 0.2064204752349084, 0),
            199: (0.9823429422672377, 0, 0.18708913324334592, 0),
            200: (0.9858406162492751, 0, 0.16768506001802755, 0),
            201: (0.9889550429359455, 0, 0.14821579892697745, 0),
            202: (0.9916850115883279, 0, 0.1286889186801178, 0),
            203: (0.9940294609262461, 0, 0.10911201038692557, 0),
            204: (0.9959874795408449, 0, 0.08949268460536372, 0),
            205: (0.9975583062489003, 0, 0.06983856838327408, 0),
            206: (0.998741330388732, 0, 0.05015730229334122, 0),
            207: (0.9995360920575987, 0, 0.030456537462808943, 0),
            208: (0.999942282290486, 0, 0.010743932599101691, 0),
            209: (0.9999597431802175, 0, -0.008972848987552495, -0),
            210: (0.9995884679388414, 0, -0.028686142363167105, -0),
            211: (0.9988286009002687, 0, -0.04838828394985444, -0),
            212: (0.9976804374641642, 0, -0.06807161450497462, -0),
            213: (0.9961444239811088, 0, -0.08772848209871716, -0),
            214: (0.9942211575790793, 0, -0.10735124508880028, -0),
            215: (0.9919113859313149, 0, -0.12693227509116153, -0),
            216: (0.9892160069656576, 0, -0.1464639599455104, -0),
            217: (0.9861360685154806, 0, -0.16593870667457697, -0),
            218: (0.982672767912342, 0, -0.18534894443588387, -0),
            219: (0.9788274515205195, 0, -0.2046871274649312, -0),
            220: (0.9746016142136091, 0, -0.2239457380086243, -0),
            221: (0.9699968987933898, 0, -0.24311728924781617, -0),
            222: (0.9650150953511825, 0, -0.2621943282078166, -0),
            223: (0.9596581405719482, 0, -0.2811694386557524, -0),
            224: (0.9539281169813976, 0, -0.3000352439836445, -0),
            225: (0.9478272521364076, 0, -0.31878441007606817, -0),
            226: (0.9413579177590518, 0, -0.33740964816131497, -0),
            227: (0.9345226288145916, 0, -0.3559037176449062, -0),
            228: (0.9273240425337783, 0, -0.374259428924391, -0),
            229: (0.9197649573798488, 0, -0.39246964618431956, -0),
            230: (0.9118483119606197, 0, -0.4105272901702985, -0),
            231: (0.9035771838860979, 0, -0.42842534094106627, -0),
            232: (0.8949547885720527, 0, -0.44615684059751054, -0),
            233: (0.8859844779900192, 0, -0.46371489598755955, -0),
            234: (0.8766697393642129, 0, -0.4810926813859085, -0),
            235: (0.8670141938158643, 0, -0.4982834411475329, -0),
            236: (0.8570215949555013, 0, -0.5152804923339603, -0),
            237: (0.8466958274237285, 0, -0.5320772273112689, -0),
            238: (0.8360409053810645, 0, -0.5486671163188204, -0),
            239: (0.8250609709474286, 0, -0.5650437100077182, -0),
            240: (0.8137602925918892, 0, -0.5812006419479961, -0),
        }
        double3 xformOp:scale = (1, 1, 1)
        double3 xformOp:translate = (55, 12, -19)
        double3 xformOp:translate.timeSamples = {
            1: (55, 12, -19),
            2: (55.705986446938354, 11.742677824267782, -16.801139390409503),
            3: (56.324736164431165, 11.485355648535565, -14.576155428496085),
            4: (56.855287085770065, 11.228033472803347, -12.328507643914218),
            5: (57.29681428067379, 10.97071129707113, -10.061690805298932),
            6: (57.648631237935874, 10.713389121338912, -7.779229486403868),
            7: (57.91019093285078, 10.456066945606695, -5.484672585896635),
            8: (58.081086677758535, 10.198744769874477, -3.181587809332436),
            9: (58.16105275438546, 9.94142259414226, -0.8735561218856982),
            10: (58.149964826997795, 9.684100418410042, 1.4358338195351088),
            11: (58.047840135725956, 9.426778242677823, 3.7429912461321684),
            12: (57.85483746975851, 9.169456066945607, 6.044328860346739),
            13: (57.571256920447894, 8.91213389121339, 8.336268413590242),
            14: (57.19753941471159, 8.654811715481172, 10.61524626990557),
            15: (56.734266029454275, 8.397489539748953, 12.877718946907779),
            16: (56.18215708807683, 8.140167364016737, 15.120168625388972),
            17: (55.54207104047728, 7.882845188284519, 17.339108619020557),
            18: (54.81500312828478, 7.625523012552301, 19.531088795648394),
            19: (54.00208383740218, 7.368200836820083, 21.692700941751454),
            20: (53.10457714026328, 7.110878661087866, 23.82058406172308),
            21: (52.1238785305377, 6.853556485355648, 25.91142960373512),
            22: (51.06151285333915, 6.596234309623432, 27.961986604059614),
            23: (49.9191319343109, 6.338912133891213, 29.969066741849222),
            24: (48.698512011274765, 6.081589958158996, 31.92954929651698),
            25: (47.40155097243707, 5.824267782426778, 33.840386000007456),
            26: (46.03026540544579, 5.566945606694561, 35.69860577641463),
            27: (44.58678746188715, 5.3096234309623425, 37.501319361577046),
            28: (43.07336154209699, 5.052301255230125, 39.24572379546748),
            29: (41.49234080544137, 4.794979079497908, 40.92910678039227),
            30: (39.84618351149268, 4.537656903765691, 42.5488508982235),
            31: (38.13744919779, 4.280334728033473, 44.10243768010738),
            32: (36.368794700126735, 4.023012552301255, 45.58745152232062),
            33: (34.5429700215537, 3.7656903765690384, 47.00158344218628),
            34: (32.662814056520205, 3.50836820083682, 48.34263466820949),
            35: (30.73125017680215, 3.2510460251046016, 49.60852005885034),
            36: (28.75128168607983, 2.993723849372385, 50.797271344618764),
            37: (26.725987150233166, 2.7364016736401666, 51.90704018845021),
            38: (24.65851561061515, 2.47907949790795, 52.93610105960352),
            39: (22.552081687745947, 2.2217573221757316, 53.88285391661282),
            40: (20.409960583041006, 1.9644351464435132, 54.745826695121515),
            41: (18.2354829863444, 1.7071129707112966, 55.52367759673046),
            42: (16.032029897185772, 1.44979079497908, 56.215197175301206),
            43: (13.803027367813007, 1.1924686192468634, 56.819310217470566),
            44: (11.55194117617424, 0.935146443514645, 57.33507741445258),
            45: (9.282271437132376, 0.6778242677824267, 57.76169682252843),
            46: (6.997547160290385, 0.42050209205021005, 58.098505109953386),
            47: (4.701320762889571, 0.16317991631799167, 58.344978588342215),
            48: (2.397162546312433, -0.09414225941422671, 58.50073402692916),
            49: (0.08865514477803582, -0.3514644351464433, 58.56552924843659),
            50: (-2.22061204513827, -0.6087866108786617, 58.53926350562584),
            51: (-4.527048445499561, -0.8661087866108783, 58.42197763794461),
            52: (-6.827067879839082, -1.1234309623430967, 58.21385400802751),
            53: (-9.117094149148153, -1.380753138075315, 57.915216218148466),
            54: (-11.393566592350583, -1.6380753138075317, 57.526528607065735),
            55: (-13.65294562261812, -1.89539748953975, 57.04839552804204),
            56: (-15.891718230918004, -2.1527196652719667, 56.48156040916223),
            57: (-18.106403448236257, -2.4100418410041833, 55.82690459740972),
            58: (-20.29355775798321, -2.6673640167364017, 55.085445988298815),
            59: (-22.449780450165896, -2.9246861924686183, 54.25833744319375),
            60: (-24.571718909002396, -3.1820083682008367, 53.34686499677536),
            61: (-26.65607382575654, -3.4393305439330533, 52.35244585744225),
            62: (-28.699604328688054, -3.6966527196652716, 51.276626203755846),
            63: (-30.69913302214113, -3.95397489539749, 50.12107878035544),
            64: (-32.65155092693729, -4.21129707112971, 48.887600297081164),
            65: (-34.55382231439035, -4.468619246861923, 47.57810863534879),
            66: (-36.40298942642733, -4.72594142259414, 46.19463986612042),
            67: (-38.19617707447616, -4.98326359832636, 44.73934508410738),
            68: (-39.93059710997015, -5.240585774058577, 43.214487063127564),
            69: (-41.60355275951729, -5.497907949790797, 41.622436737818155),
            70: (-43.21244281799459, -5.75523012552301, 39.965669517173644),
            71: (-44.75476569304756, -6.01255230125523, 38.2467614356412),
            72: (-46.228123294706, -6.269874476987447, 36.46838514775812),
            73: (-47.63022476406845, -6.527196652719667, 34.63330577255909),
            74: (-48.95889003525818, -6.784518828451883, 32.74437659421391),
            75: (-50.21205322511136, -7.0418410041841, 30.80453462558187),
            76: (-51.38776584532817, -7.299163179916317, 28.816796041579394),
            77: (-52.484199832091356, -7.556485355648537, 26.784251489462502),
            78: (-53.49965038844223, -7.813807531380753, 24.71006128331549),
            79: (-54.432538634994444, -8.071129707112974, 22.597450490217536),
            80: (-55.281414064864165, -8.328451882845187, 20.449703915727724),
            81: (-56.04495679899931, -8.585774058577407, 18.270160996485505),
            82: (-56.721979638401386, -8.843096234309623, 16.062210607867772),
            83: (-57.31142991004905, -9.10041841004184, 13.82928579477532),
            84: (-57.81239110365299, -9.35774058577406, 11.57485843374278),
            85: (-58.22408429669753, -9.615062761506273, 9.302433834670234),
            86: (-58.545869365552896, -9.872384937238493, 7.015545290571239),
            87: (-58.77724598077532, -10.12970711297071, 4.717748583811112),
            88: (-58.917854385047235, -10.38702928870293, 2.4126164573772844),
            89: (-58.96747595254818, -10.644351464435147, 0.1037330597783016),
            90: (-58.92603352888637, -10.901673640167363, -2.2053116277906217),
            91: (-58.79359155106274, -11.15899581589958, -4.51092737335175),
            92: (-58.57035594728064, -11.4163179916318, -6.809529276438388),
            93: (-58.256673816757164, -11.673640167364017, -9.097543342098765),
            94: (-57.853032890033845, -11.930962343096237, -11.371412037943617),
            95: (-57.36006077062586, -12.188284518828453, -13.627599825596912),
            96: (-56.77852395918901, -12.44560669456067, -15.862598657948531),
            97: (-56.109326661721525, -12.702928870292887, -18.07293343366271),
            98: (-55.353509383653936, -12.960251046025103, -20.255167400460028),
            99: (-54.51224731201306, -13.217573221757323, -22.405907498772176),
            100: (-53.586848488175264, -13.47489539748954, -24.52180963746127),
            101: (-52.57875177405064, -13.732217573221757, -26.599583893399668),
            102: (-51.48952461485977, -13.989539748953973, -28.635999626827022),
            103: (-50.32086060198232, -14.246861924686193, -30.627890504529518),
            104: (-49.07457683966611, -14.50418410041841, -32.57215942303241),
            105: (-47.752611119691885, -14.76150627615063, -34.465783324149655),
            106: (-46.35701890838603, -15.018828451882843, -36.30581789540415),
            107: (-44.88997015066644, -15.276150627615063, -38.08940214800973),
            108: (-43.353745896090615, -15.53347280334728, -39.8137628652967),
            109: (-41.75073475215224, -15.7907949790795, -41.47621891466421),
            110: (-40.08342917034026, -16.048117154811717, -43.074185416355675),
            111: (-38.35442157073599, -16.305439330543933, -44.60517776257427),
            112: (-36.566400311173, -16.56276150627615, -46.066815480690494),
            113: (-34.72214550722787, -16.820083682008367, -47.456825934534194),
            114: (-32.82452470954094, -17.077405857740587, -48.77304785801652),
            115: (-30.8764884451879, -17.334728033472803, -50.01343471558745),
            116: (-28.88106563003502, -17.59205020920502, -51.176057884304036),
            117: (-26.841358859211198, -17.849372384937237, -52.25910965256118),
            118: (-24.760539583019476, -18.106694560669457, -53.260906030822845),
            119: (-22.6418431757882, -18.364016736401673, -54.179889369983435),
            120: (-20.488563905330167, -18.621338912133893, -55.01463078328769),
            121: (-18.30404981083048, -18.878661087866107, -55.76383236804391),
            122: (-16.091697497127353, -19.13598326359833, -56.42632922367578),
            123: (-13.85494685348153, -19.393305439330543, -57.001091262974846),
            124: (-11.597275705043021, -19.65062761506276, -57.487224813737996),
            125: (-9.322194405334209, -19.90794979079498, -57.8839740082989),
            126: (-7.033240378155718, -20.165271966527193, -58.19072195879344),
            127: (-4.7339726174014585, -20.42259414225942, -58.406991716331476),
            128: (-2.42796615333604, -20.679916317991633, -58.53244701258374),
            129: (-0.11880649393716897, -20.937238493723846, -58.566892782630596),
            130: (2.189915950052781, -21.194560669456067, -58.51027546825995),
            131: (4.494611447698278, -21.45188284518828, -58.36268310124253),
            132: (6.79169652938567, -21.709205020920507, -58.124345166455186),
            133: (9.077599558601982, -21.96652719665272, -57.795632245064915),
            134: (11.348766285315726, -22.223849372384933, -57.377055438328554),
            135: (13.601665372323723, -22.481171548117153, -56.869265572903885),
            136: (15.832793885971773, -22.738493723849373, -56.27305218890795),
            137: (18.03868274271245, -22.995815899581594, -55.58934231229578),
            138: (20.215902103029865, -23.253138075313807, -54.819199013468705),
            139: (22.361066704346857, -23.51046025104602, -53.963819754352755),
            140: (24.47084112462043, -23.767782426778247, -53.024534526517904),
            141: (26.54194496844266, -24.02510460251046, -52.00280378323276),
            142: (28.571157967583474, -24.28242677824268, -50.90021616866989),
            143: (30.555324988043647, -24.539748953974893, -49.71848604779313),
            144: (32.49136093583416, -24.797071129707113, -48.45945084076668),
            145: (34.37625555385291, -25.054393305439334, -47.1250681660315),
            146: (36.207078102400914, -25.311715481171547, -45.717412796490564),
            147: (37.98098191606081, -25.569037656903767, -44.238673433535645),
            148: (39.69520882985132, -25.82635983263598, -42.691149303931994),
            149: (41.34709346777682, -26.0836820083682, -41.077246584851636),
            150: (42.934067387103184, -26.34100418410042, -39.39947466261447),
            151: (44.453663071916175, -26.598326359832633, -37.66044223095399),
            152: (45.90351776975368, -26.855648535564853, -35.8628532348739),
            153: (47.28137716534511, -27.112970711297073, -34.00950266640348),
            154: (48.585098885747506, -27.370292887029287, -32.10327221878696),
            155: (49.81265583142662, -27.627615062761507, -30.147125805865777),
            156: (50.96213932810484, -27.88493723849372, -28.144104953619436),
            157: (52.031762094474956, -28.142259414225947, -26.097324071030336),
            158: (53.019861021165035, -28.39958158995816, -24.009965607626615),
            159: (53.92489975663417, -28.656903765690373, -21.885275105231113),
            160: (54.74547109597782, -28.914225941422593, -19.72655615161134),
            161: (55.48029916892871, -29.171548117154813, -17.53716524387638),
            162: (56.128241423651524, -29.428870292887034, -15.320506569606886),
            163: (56.68829040324635, -29.686192468619247, -13.080026713834014),
            164: (57.15957531219913, -29.94351464435146, -10.819209300095656),
            165: (57.541363370343326, -30.20083682008368, -8.541569573903658),
            166: (57.833060952227456, -30.4581589958159, -6.250648937043406),
            167: (58.034214510117295, -30.71548117154812, -3.950009441203666),
            168: (58.14451127919719, -30.972803347280333, -1.643228249499571),
            169: (58.163779763874395, -31.230125523012546, 0.6661079255012617),
            170: (58.09199000442998, -31.487447698744774, 2.974408398600166),
            171: (57.92925362360187, -31.744769874476987, 5.278084094965477),
            172: (57.67582365302759, -32.00209205020921, 7.573553130627729),
            173: (57.33209413981648, -32.25941422594142, 9.857246381792798),
            174: (56.89859953386321, -32.51673640167364, 12.125613034315855),
            175: (56.37601385685512, -32.77405857740586, 14.375126104705858),
            176: (55.765149654265606, -33.03138075313807, 16.60228792407685),
            177: (55.06695673196287, -33.28870292887029, 18.803635576519742),
            178: (54.28252067939863, -33.546025104602506, 20.97574628343748),
            179: (53.41306118167278, -33.80334728033473, 23.11524272547321),
            180: (52.45993012309872, -34.06066945606695, 25.21879829375539),
            181: (51.42460948521803, -34.31799163179916, 27.283142262295407),
            182: (50.30870904253236, -34.57531380753138, 29.305064873495795),
            183: (49.113963859536156, -34.8326359832636, 31.28142232886074),
            184: (47.84223159294096, -35.08995815899582, 33.20914167715041),
            185: (46.495489603287076, -35.34728033472803, 35.08522559237711),
            186: (45.07583188043229, -35.604602510460246, 36.906757034216085),
            187: (43.585465787699384, -35.861924686192474, 38.67090378358291),
            188: (42.02670862974414, -36.11924686192469, 40.37492284632621),
            189: (40.40198404948005, -36.37656903765691, 42.01616471818883),
            190: (38.713818259662844, -36.63389121338912, 43.59207750440515),
            191: (36.96483611499325, -36.89121338912134, 45.10021088753019),
            192: (35.15775703084597, -37.14853556485356, 46.53821993733026),
            193: (33.295390754970555, -37.40585774058577, 47.90386875681175),
            194: (31.380632998737948, -37.66317991631799, 49.19503395871913),
            195: (29.416460934726633, -37.92050209205021, 50.40970796709618),
            196: (27.405928567647727, -38.17782426778243, 51.546002138777666),
            197: (25.352161985807534, -38.43514644351465, 52.60214969995741),
            198: (23.258354500490558, -38.69246861924686, 53.57650849326706),
            199: (21.127761680819944, -38.94979079497908, 54.46756353109454),
            200: (18.963696291816845, -39.2071129707113, 55.27392935117132),
            201: (16.769523143527312, -39.46443514644351, 55.99435217076701),
            202: (14.548653859227306, -39.72175732217573, 56.62771183614087),
            203: (12.304541570840376, -39.97907949790795, 57.17302356421942),
            204: (10.040675549813951, -40.236401673640174, 57.62943947379253),
            205: (7.760575781805402, -40.49372384937239, 57.99624990384646),
            206: (5.467787493610574, -40.7510460251046, 58.27288451698463),
            207: (3.165875640847317, -41.00836820083682, 58.458913186220045),
            208: (0.8584193649625541, -41.26569037656904, 58.554046663760886),
            209: (-1.4509935718176687, -41.52301255230126, 58.55813703074917),
            210: (-3.7587723649406537, -41.78033472803347, 58.47117792725327),
            211: (-6.061328750712494, -42.037656903765686, 58.29330456215668),
            212: (-8.355082585530253, -42.29497907949791, 58.024793502927636),
            213: (-10.636467412490074, -42.55230125523013, 57.66606224559666),
            214: (-12.901936006714596, -42.80962343096235, 57.21766856561016),
            215: (-15.147965890775904, -43.06694560669456, 56.6803096505701),
            216: (-17.371064811641183, -43.32426778242677, 56.05482101620764),
            217: (-19.567776170623553, -43.581589958159, 55.34217520727638),
            218: (-21.734684397894636, -43.83891213389121, 54.54348028538544),
            219: (-23.868420263204214, -44.09623430962343, 53.65997810612324),
            220: (-25.96566611454786, -44.35355648535565, 52.69304238815082),
            221: (-28.02316103663846, -44.61087866108787, 51.644176577267054),
            222: (-30.037705921159308, -44.86820083682009, 50.51501150876716),
            223: (-32.00616844091715, -45.1255230125523, 49.307302871728574),
            224: (-33.92548792016026, -45.38284518828452, 48.02292847916699),
            225: (-35.792680093487505, -45.64016736401673, 46.663885348308206),
            226: (-37.60484174595253, -45.89748953974895, 45.232286595513024),
            227: (-39.359155227143965, -46.15481171548117, 43.73035815068636),
            228: (-41.05289283222642, -46.41213389121339, 42.160435296276454),
            229: (-42.683421043128924, -46.66945606694561, 40.52495903624681),
            230: (-44.24820462328582, -46.92677824267783, 38.82647230066692),
            231: (-45.744810559564804, -47.18410041841004, 37.067615991822024),
            232: (-47.17091184525215, -47.44142259414226, 35.25112487799009),
            233: (-48.52429109821265, -47.69874476987447, 33.37982334127145),
            234: (-49.80284400859981, -47.9560669456067, 31.456620986081028),
            235: (-51.004582610754504, -48.21338912133891, 29.48450811513264),
            236: (-52.127638374205496, -48.47071129707113, 27.466551079948545),
            237: (-53.170265108964955, -48.72803347280335, 25.40588751312491),
            238: (-54.13084168060256, -48.98535564853557, 23.3057214497647),
            239: (-55.00787453087631, -49.24267782426779, 21.169318345664102),
            240: (-55.799999999999976, -49.5, 19.000000000000057),
        }
        uniform token[] xformOpOrder = ["xformOp:translate", "xformOp:orient", "xformOp:scale"]
    }

    def Sphere "Sphere" (
        prepend apiSchemas = ["MaterialBindingAPI"]
    )
    {
        float3[] extent = [(-50, -50, -50), (50, 50, 50)]
        rel material:binding = </World/Materials/SphereRed>
        double radius = 50
        custom bool refinementEnableOverride = 1
        custom int refinementLevel = 2
        double3 xformOp:rotateXYZ = (0, 0, 0)
        double3 xformOp:scale = (0.00138, 0.00138, 0.00138)
        double3 xformOp:translate = (-0.3, -25.600000381469727, 0.045)
        double3 xformOp:translate.timeSamples = {
            1: (-0.3, 10, 0.045),
            211: (-0.29999999999999993, -21.28033506321607, -0.2668841493915533),
            240: (-0.3, -25.600000381469727, 0.045),
        }
        uniform token[] xformOpOrder = ["xformOp:translate", "xformOp:rotateXYZ", "xformOp:scale"]
    }

    def SphereLight "SphereKeyLight"
    {
        color3f inputs:color = (1, 0.92, 0.85)
        float inputs:diffuse = 0.6
        float inputs:intensity = 60000
        float inputs:radius = 0.08
        float inputs:specular = 2
        bool treatAsPoint = 1
        double3 xformOp:translate = (0.5, -24.9, 0.9)
        uniform token[] xformOpOrder = ["xformOp:translate"]
    }

    def SphereLight "SphereFillLight"
    {
        color3f inputs:color = (0.85, 0.9, 1)
        float inputs:diffuse = 0.5
        float inputs:intensity = 20000
        float inputs:radius = 0.08
        float inputs:specular = 1
        bool treatAsPoint = 1
        double3 xformOp:translate = (-1.1, -25.9, -0.6)
        uniform token[] xformOpOrder = ["xformOp:translate"]
    }

    def Camera "still" (
        prepend apiSchemas = ["OmniRtxCameraAutoExposureAPI_1", "OmniRtxCameraExposureAPI_1"]
    )
    {
        float2 clippingRange = (1, 10000000)
        float exposure:fStop = 5
        float exposure:responsivity = 1.1026709
        float exposure:time = 0.02
        float focalLength = 18.147562
        float focusDistance = 400
        bool omni:kit:cameraLock = 1
        custom uniform vector3d omni:kit:centerOfInterest = (0, 0, -0.005214698415956177)
        token visibility = "invisible"
        double3 xformOp:rotateYXZ = (54.845726013183594, 87.82662963867188, -84.76815795898438)
        double3 xformOp:scale = (-0.036959998309612274, -0.036959998309612274, -0.036959998309612274)
        double3 xformOp:translate = (0, -23.300000347197056, 0.10000000149011612)
        uniform token[] xformOpOrder = ["xformOp:translate", "xformOp:rotateYXZ", "xformOp:scale"]
    }

    def Mesh "Sphere_01" (
        prepend apiSchemas = ["MaterialBindingAPI"]
    )
    {
        float3[] extent = [(-50, -50, -50), (50, 50, 50)]
        int[] faceVertexCounts = [3, 3, 3, 3, 3, 3, 3, 3, 3, 3, 3, 3, 3, 3, 3, 3, 3, 3, 3, 3, 3, 3, 3, 3, 3, 3, 3, 3, 3, 3, 3, 3, 4, 4, 4, 4, 4, 4, 4, 4, 4, 4, 4, 4, 4, 4, 4, 4, 4, 4, 4, 4, 4, 4, 4, 4, 4, 4, 4, 4, 4, 4, 4, 4, 4, 4, 4, 4, 4, 4, 4, 4, 4, 4, 4, 4, 4, 4, 4, 4, 4, 4, 4, 4, 4, 4, 4, 4, 4, 4, 4, 4, 4, 4, 4, 4, 4, 4, 4, 4, 4, 4, 4, 4, 4, 4, 4, 4, 4, 4, 4, 4, 4, 4, 4, 4, 4, 4, 4, 4, 4, 4, 4, 4, 4, 4, 4, 4, 4, 4, 4, 4, 4, 4, 4, 4, 4, 4, 4, 4, 4, 4, 4, 4, 4, 4, 4, 4, 4, 4, 4, 4, 4, 4, 4, 4, 4, 4, 4, 4, 4, 4, 4, 4, 4, 4, 4, 4, 4, 4, 4, 4, 4, 4, 4, 4, 4, 4, 4, 4, 4, 4, 4, 4, 4, 4, 4, 4, 4, 4, 4, 4, 4, 4, 4, 4, 4, 4, 4, 4, 4, 4, 4, 4, 4, 4, 4, 4, 4, 4, 4, 4, 4, 4, 4, 4, 4, 4, 4, 4, 4, 4, 4, 4, 4, 4, 4, 4, 4, 4, 4, 4, 4, 4, 4, 4, 4, 4, 4, 4, 4, 4, 4, 4, 4, 4, 4, 4, 4, 4, 4, 4, 4, 4, 4, 4, 4, 4, 4, 4, 4, 4, 4, 4, 4, 4, 4, 4, 4, 4, 4, 4, 4, 4, 4, 4, 4, 4, 4, 4, 4, 4, 4, 4, 4, 4, 4, 4, 4, 4, 4, 4, 4, 4, 4, 4, 4, 4, 4, 4, 4, 4, 4, 4, 4, 4, 4, 4, 4, 4, 4, 4, 4, 4, 4, 4, 4, 4, 4, 4, 4, 4, 4, 4, 4, 4, 4, 4, 4, 4, 4, 4, 4, 4, 4, 4, 4, 4, 4, 4, 4, 4, 4, 4, 4, 4, 4, 4, 4, 4, 4, 4, 4, 4, 4, 4, 4, 4, 4, 4, 4, 4, 4, 4, 4, 4, 4, 4, 4, 4, 4, 4, 4, 4, 4, 4, 4, 4, 4, 4, 4, 4, 4, 4, 4, 4, 4, 4, 4, 4, 4, 4, 4, 4, 4, 4, 4, 4, 4, 4, 4, 4, 4, 4, 4, 4, 4, 4, 4, 4, 4, 4, 4, 4, 4, 4, 4, 4, 4, 4, 4, 4, 4, 4, 4, 4, 4, 4, 4, 4, 4, 4, 4, 4, 4, 4, 4, 4, 4, 4, 4, 4, 4, 4, 4, 4, 4, 4, 4, 4, 4, 4, 4, 4, 4, 4, 4, 4, 4, 4, 4, 4, 4, 4, 4, 4, 4, 4, 4, 4, 4, 4, 4, 4, 4, 4, 4, 4, 4, 4, 3, 3, 3, 3, 3, 3, 3, 3, 3, 3, 3, 3, 3, 3, 3, 3, 3, 3, 3, 3, 3, 3, 3, 3, 3, 3, 3, 3, 3, 3, 3, 3]
        int[] faceVertexIndices = [0, 1, 2, 0, 2, 3, 0, 3, 4, 0, 4, 5, 0, 5, 6, 0, 6, 7, 0, 7, 8, 0, 8, 9, 0, 9, 10, 0, 10, 11, 0, 11, 12, 0, 12, 13, 0, 13, 14, 0, 14, 15, 0, 15, 16, 0, 16, 17, 0, 17, 18, 0, 18, 19, 0, 19, 20, 0, 20, 21, 0, 21, 22, 0, 22, 23, 0, 23, 24, 0, 24, 25, 0, 25, 26, 0, 26, 27, 0, 27, 28, 0, 28, 29, 0, 29, 30, 0, 30, 31, 0, 31, 32, 0, 32, 1, 1, 33, 34, 2, 2, 34, 35, 3, 3, 35, 36, 4, 4, 36, 37, 5, 5, 37, 38, 6, 6, 38, 39, 7, 7, 39, 40, 8, 8, 40, 41, 9, 9, 41, 42, 10, 10, 42, 43, 11, 11, 43, 44, 12, 12, 44, 45, 13, 13, 45, 46, 14, 14, 46, 47, 15, 15, 47, 48, 16, 16, 48, 49, 17, 17, 49, 50, 18, 18, 50, 51, 19, 19, 51, 52, 20, 20, 52, 53, 21, 21, 53, 54, 22, 22, 54, 55, 23, 23, 55, 56, 24, 24, 56, 57, 25, 25, 57, 58, 26, 26, 58, 59, 27, 27, 59, 60, 28, 28, 60, 61, 29, 29, 61, 62, 30, 30, 62, 63, 31, 31, 63, 64, 32, 32, 64, 33, 1, 33, 65, 66, 34, 34, 66, 67, 35, 35, 67, 68, 36, 36, 68, 69, 37, 37, 69, 70, 38, 38, 70, 71, 39, 39, 71, 72, 40, 40, 72, 73, 41, 41, 73, 74, 42, 42, 74, 75, 43, 43, 75, 76, 44, 44, 76, 77, 45, 45, 77, 78, 46, 46, 78, 79, 47, 47, 79, 80, 48, 48, 80, 81, 49, 49, 81, 82, 50, 50, 82, 83, 51, 51, 83, 84, 52, 52, 84, 85, 53, 53, 85, 86, 54, 54, 86, 87, 55, 55, 87, 88, 56, 56, 88, 89, 57, 57, 89, 90, 58, 58, 90, 91, 59, 59, 91, 92, 60, 60, 92, 93, 61, 61, 93, 94, 62, 62, 94, 95, 63, 63, 95, 96, 64, 64, 96, 65, 33, 65, 97, 98, 66, 66, 98, 99, 67, 67, 99, 100, 68, 68, 100, 101, 69, 69, 101, 102, 70, 70, 102, 103, 71, 71, 103, 104, 72, 72, 104, 105, 73, 73, 105, 106, 74, 74, 106, 107, 75, 75, 107, 108, 76, 76, 108, 109, 77, 77, 109, 110, 78, 78, 110, 111, 79, 79, 111, 112, 80, 80, 112, 113, 81, 81, 113, 114, 82, 82, 114, 115, 83, 83, 115, 116, 84, 84, 116, 117, 85, 85, 117, 118, 86, 86, 118, 119, 87, 87, 119, 120, 88, 88, 120, 121, 89, 89, 121, 122, 90, 90, 122, 123, 91, 91, 123, 124, 92, 92, 124, 125, 93, 93, 125, 126, 94, 94, 126, 127, 95, 95, 127, 128, 96, 96, 128, 97, 65, 97, 129, 130, 98, 98, 130, 131, 99, 99, 131, 132, 100, 100, 132, 133, 101, 101, 133, 134, 102, 102, 134, 135, 103, 103, 135, 136, 104, 104, 136, 137, 105, 105, 137, 138, 106, 106, 138, 139, 107, 107, 139, 140, 108, 108, 140, 141, 109, 109, 141, 142, 110, 110, 142, 143, 111, 111, 143, 144, 112, 112, 144, 145, 113, 113, 145, 146, 114, 114, 146, 147, 115, 115, 147, 148, 116, 116, 148, 149, 117, 117, 149, 150, 118, 118, 150, 151, 119, 119, 151, 152, 120, 120, 152, 153, 121, 121, 153, 154, 122, 122, 154, 155, 123, 123, 155, 156, 124, 124, 156, 157, 125, 125, 157, 158, 126, 126, 158, 159, 127, 127, 159, 160, 128, 128, 160, 129, 97, 129, 161, 162, 130, 130, 162, 163, 131, 131, 163, 164, 132, 132, 164, 165, 133, 133, 165, 166, 134, 134, 166, 167, 135, 135, 167, 168, 136, 136, 168, 169, 137, 137, 169, 170, 138, 138, 170, 171, 139, 139, 171, 172, 140, 140, 172, 173, 141, 141, 173, 174, 142, 142, 174, 175, 143, 143, 175, 176, 144, 144, 176, 177, 145, 145, 177, 178, 146, 146, 178, 179, 147, 147, 179, 180, 148, 148, 180, 181, 149, 149, 181, 182, 150, 150, 182, 183, 151, 151, 183, 184, 152, 152, 184, 185, 153, 153, 185, 186, 154, 154, 186, 187, 155, 155, 187, 188, 156, 156, 188, 189, 157, 157, 189, 190, 158, 158, 190, 191, 159, 159, 191, 192, 160, 160, 192, 161, 129, 161, 193, 194, 162, 162, 194, 195, 163, 163, 195, 196, 164, 164, 196, 197, 165, 165, 197, 198, 166, 166, 198, 199, 167, 167, 199, 200, 168, 168, 200, 201, 169, 169, 201, 202, 170, 170, 202, 203, 171, 171, 203, 204, 172, 172, 204, 205, 173, 173, 205, 206, 174, 174, 206, 207, 175, 175, 207, 208, 176, 176, 208, 209, 177, 177, 209, 210, 178, 178, 210, 211, 179, 179, 211, 212, 180, 180, 212, 213, 181, 181, 213, 214, 182, 182, 214, 215, 183, 183, 215, 216, 184, 184, 216, 217, 185, 185, 217, 218, 186, 186, 218, 219, 187, 187, 219, 220, 188, 188, 220, 221, 189, 189, 221, 222, 190, 190, 222, 223, 191, 191, 223, 224, 192, 192, 224, 193, 161, 193, 225, 226, 194, 194, 226, 227, 195, 195, 227, 228, 196, 196, 228, 229, 197, 197, 229, 230, 198, 198, 230, 231, 199, 199, 231, 232, 200, 200, 232, 233, 201, 201, 233, 234, 202, 202, 234, 235, 203, 203, 235, 236, 204, 204, 236, 237, 205, 205, 237, 238, 206, 206, 238, 239, 207, 207, 239, 240, 208, 208, 240, 241, 209, 209, 241, 242, 210, 210, 242, 243, 211, 211, 243, 244, 212, 212, 244, 245, 213, 213, 245, 246, 214, 214, 246, 247, 215, 215, 247, 248, 216, 216, 248, 249, 217, 217, 249, 250, 218, 218, 250, 251, 219, 219, 251, 252, 220, 220, 252, 253, 221, 221, 253, 254, 222, 222, 254, 255, 223, 223, 255, 256, 224, 224, 256, 225, 193, 225, 257, 258, 226, 226, 258, 259, 227, 227, 259, 260, 228, 228, 260, 261, 229, 229, 261, 262, 230, 230, 262, 263, 231, 231, 263, 264, 232, 232, 264, 265, 233, 233, 265, 266, 234, 234, 266, 267, 235, 235, 267, 268, 236, 236, 268, 269, 237, 237, 269, 270, 238, 238, 270, 271, 239, 239, 271, 272, 240, 240, 272, 273, 241, 241, 273, 274, 242, 242, 274, 275, 243, 243, 275, 276, 244, 244, 276, 277, 245, 245, 277, 278, 246, 246, 278, 279, 247, 247, 279, 280, 248, 248, 280, 281, 249, 249, 281, 282, 250, 250, 282, 283, 251, 251, 283, 284, 252, 252, 284, 285, 253, 253, 285, 286, 254, 254, 286, 287, 255, 255, 287, 288, 256, 256, 288, 257, 225, 257, 289, 290, 258, 258, 290, 291, 259, 259, 291, 292, 260, 260, 292, 293, 261, 261, 293, 294, 262, 262, 294, 295, 263, 263, 295, 296, 264, 264, 296, 297, 265, 265, 297, 298, 266, 266, 298, 299, 267, 267, 299, 300, 268, 268, 300, 301, 269, 269, 301, 302, 270, 270, 302, 303, 271, 271, 303, 304, 272, 272, 304, 305, 273, 273, 305, 306, 274, 274, 306, 307, 275, 275, 307, 308, 276, 276, 308, 309, 277, 277, 309, 310, 278, 278, 310, 311, 279, 279, 311, 312, 280, 280, 312, 313, 281, 281, 313, 314, 282, 282, 314, 315, 283, 283, 315, 316, 284, 284, 316, 317, 285, 285, 317, 318, 286, 286, 318, 319, 287, 287, 319, 320, 288, 288, 320, 289, 257, 289, 321, 322, 290, 290, 322, 323, 291, 291, 323, 324, 292, 292, 324, 325, 293, 293, 325, 326, 294, 294, 326, 327, 295, 295, 327, 328, 296, 296, 328, 329, 297, 297, 329, 330, 298, 298, 330, 331, 299, 299, 331, 332, 300, 300, 332, 333, 301, 301, 333, 334, 302, 302, 334, 335, 303, 303, 335, 336, 304, 304, 336, 337, 305, 305, 337, 338, 306, 306, 338, 339, 307, 307, 339, 340, 308, 308, 340, 341, 309, 309, 341, 342, 310, 310, 342, 343, 311, 311, 343, 344, 312, 312, 344, 345, 313, 313, 345, 346, 314, 314, 346, 347, 315, 315, 347, 348, 316, 316, 348, 349, 317, 317, 349, 350, 318, 318, 350, 351, 319, 319, 351, 352, 320, 320, 352, 321, 289, 321, 353, 354, 322, 322, 354, 355, 323, 323, 355, 356, 324, 324, 356, 357, 325, 325, 357, 358, 326, 326, 358, 359, 327, 327, 359, 360, 328, 328, 360, 361, 329, 329, 361, 362, 330, 330, 362, 363, 331, 331, 363, 364, 332, 332, 364, 365, 333, 333, 365, 366, 334, 334, 366, 367, 335, 335, 367, 368, 336, 336, 368, 369, 337, 337, 369, 370, 338, 338, 370, 371, 339, 339, 371, 372, 340, 340, 372, 373, 341, 341, 373, 374, 342, 342, 374, 375, 343, 343, 375, 376, 344, 344, 376, 377, 345, 345, 377, 378, 346, 346, 378, 379, 347, 347, 379, 380, 348, 348, 380, 381, 349, 349, 381, 382, 350, 350, 382, 383, 351, 351, 383, 384, 352, 352, 384, 353, 321, 353, 385, 386, 354, 354, 386, 387, 355, 355, 387, 388, 356, 356, 388, 389, 357, 357, 389, 390, 358, 358, 390, 391, 359, 359, 391, 392, 360, 360, 392, 393, 361, 361, 393, 394, 362, 362, 394, 395, 363, 363, 395, 396, 364, 364, 396, 397, 365, 365, 397, 398, 366, 366, 398, 399, 367, 367, 399, 400, 368, 368, 400, 401, 369, 369, 401, 402, 370, 370, 402, 403, 371, 371, 403, 404, 372, 372, 404, 405, 373, 373, 405, 406, 374, 374, 406, 407, 375, 375, 407, 408, 376, 376, 408, 409, 377, 377, 409, 410, 378, 378, 410, 411, 379, 379, 411, 412, 380, 380, 412, 413, 381, 381, 413, 414, 382, 382, 414, 415, 383, 383, 415, 416, 384, 384, 416, 385, 353, 385, 417, 418, 386, 386, 418, 419, 387, 387, 419, 420, 388, 388, 420, 421, 389, 389, 421, 422, 390, 390, 422, 423, 391, 391, 423, 424, 392, 392, 424, 425, 393, 393, 425, 426, 394, 394, 426, 427, 395, 395, 427, 428, 396, 396, 428, 429, 397, 397, 429, 430, 398, 398, 430, 431, 399, 399, 431, 432, 400, 400, 432, 433, 401, 401, 433, 434, 402, 402, 434, 435, 403, 403, 435, 436, 404, 404, 436, 437, 405, 405, 437, 438, 406, 406, 438, 439, 407, 407, 439, 440, 408, 408, 440, 441, 409, 409, 441, 442, 410, 410, 442, 443, 411, 411, 443, 444, 412, 412, 444, 445, 413, 413, 445, 446, 414, 414, 446, 447, 415, 415, 447, 448, 416, 416, 448, 417, 385, 417, 449, 450, 418, 418, 450, 451, 419, 419, 451, 452, 420, 420, 452, 453, 421, 421, 453, 454, 422, 422, 454, 455, 423, 423, 455, 456, 424, 424, 456, 457, 425, 425, 457, 458, 426, 426, 458, 459, 427, 427, 459, 460, 428, 428, 460, 461, 429, 429, 461, 462, 430, 430, 462, 463, 431, 431, 463, 464, 432, 432, 464, 465, 433, 433, 465, 466, 434, 434, 466, 467, 435, 435, 467, 468, 436, 436, 468, 469, 437, 437, 469, 470, 438, 438, 470, 471, 439, 439, 471, 472, 440, 440, 472, 473, 441, 441, 473, 474, 442, 442, 474, 475, 443, 443, 475, 476, 444, 444, 476, 477, 445, 445, 477, 478, 446, 446, 478, 479, 447, 447, 479, 480, 448, 448, 480, 449, 417, 449, 481, 450, 450, 481, 451, 451, 481, 452, 452, 481, 453, 453, 481, 454, 454, 481, 455, 455, 481, 456, 456, 481, 457, 457, 481, 458, 458, 481, 459, 459, 481, 460, 460, 481, 461, 461, 481, 462, 462, 481, 463, 463, 481, 464, 464, 481, 465, 465, 481, 466, 466, 481, 467, 467, 481, 468, 468, 481, 469, 469, 481, 470, 470, 481, 471, 471, 481, 472, 472, 481, 473, 473, 481, 474, 474, 481, 475, 475, 481, 476, 476, 481, 477, 477, 481, 478, 478, 481, 479, 479, 481, 480, 480, 481, 449]
        rel material:binding = </World/Materials/SphereRed> (
            bindMaterialAs = "weakerThanDescendants"
        )
        normal3f[] normals = [(0, -50, 0), (9.754517, -49.03926, 0), (9.567085, -49.03926, 1.9030117), (0, -50, 0), (9.567085, -49.03926, 1.9030117), (9.011998, -49.03926, 3.7328918), (0, -50, 0), (9.011998, -49.03926, 3.7328918), (8.110583, -49.03926, 5.4193187), (0, -50, 0), (8.110583, -49.03926, 5.4193187), (6.8974843, -49.03926, 6.8974843), (0, -50, 0), (6.8974843, -49.03926, 6.8974843), (5.4193187, -49.03926, 8.110583), (0, -50, 0), (5.4193187, -49.03926, 8.110583), (3.7328918, -49.03926, 9.011998), (0, -50, 0), (3.7328918, -49.03926, 9.011998), (1.9030117, -49.03926, 9.567085), (0, -50, 0), (1.9030117, -49.03926, 9.567085), (5.9729185e-16, -49.03926, 9.754517), (0, -50, 0), (5.9729185e-16, -49.03926, 9.754517), (-1.9030117, -49.03926, 9.567085), (0, -50, 0), (-1.9030117, -49.03926, 9.567085), (-3.7328918, -49.03926, 9.011998), (0, -50, 0), (-3.7328918, -49.03926, 9.011998), (-5.4193187, -49.03926, 8.110583), (0, -50, 0), (-5.4193187, -49.03926, 8.110583), (-6.8974843, -49.03926, 6.8974843), (0, -50, 0), (-6.8974843, -49.03926, 6.8974843), (-8.110583, -49.03926, 5.4193187), (0, -50, 0), (-8.110583, -49.03926, 5.4193187), (-9.011998, -49.03926, 3.7328918), (0, -50, 0), (-9.011998, -49.03926, 3.7328918), (-9.567085, -49.03926, 1.9030117), (0, -50, 0), (-9.567085, -49.03926, 1.9030117), (-9.754517, -49.03926, 1.1945837e-15), (0, -50, 0), (-9.754517, -49.03926, 1.1945837e-15), (-9.567085, -49.03926, -1.9030117), (0, -50, 0), (-9.567085, -49.03926, -1.9030117), (-9.011998, -49.03926, -3.7328918), (0, -50, 0), (-9.011998, -49.03926, -3.7328918), (-8.110583, -49.03926, -5.4193187), (0, -50, 0), (-8.110583, -49.03926, -5.4193187), (-6.8974843, -49.03926, -6.8974843), (0, -50, 0), (-6.8974843, -49.03926, -6.8974843), (-5.4193187, -49.03926, -8.110583), (0, -50, 0), (-5.4193187, -49.03926, -8.110583), (-3.7328918, -49.03926, -9.011998), (0, -50, 0), (-3.7328918, -49.03926, -9.011998), (-1.9030117, -49.03926, -9.567085), (0, -50, 0), (-1.9030117, -49.03926, -9.567085), (-1.7918755e-15, -49.03926, -9.754517), (0, -50, 0), (-1.7918755e-15, -49.03926, -9.754517), (1.9030117, -49.03926, -9.567085), (0, -50, 0), (1.9030117, -49.03926, -9.567085), (3.7328918, -49.03926, -9.011998), (0, -50, 0), (3.7328918, -49.03926, -9.011998), (5.4193187, -49.03926, -8.110583), (0, -50, 0), (5.4193187, -49.03926, -8.110583), (6.8974843, -49.03926, -6.8974843), (0, -50, 0), (6.8974843, -49.03926, -6.8974843), (8.110583, -49.03926, -5.4193187), (0, -50, 0), (8.110583, -49.03926, -5.4193187), (9.011998, -49.03926, -3.7328918), (0, -50, 0), (9.011998, -49.03926, -3.7328918), (9.567085, -49.03926, -1.9030117), (0, -50, 0), (9.567085, -49.03926, -1.9030117), (9.754517, -49.03926, 0), (9.754517, -49.03926, 0), (19.13417, -46.193974, 0), (18.766514, -46.193974, 3.7328918), (9.567085, -49.03926, 1.9030117), (9.567085, -49.03926, 1.9030117), (18.766514, -46.193974, 3.7328918), (17.67767, -46.193974, 7.322331), (9.011998, -49.03926, 3.7328918), (9.011998, -49.03926, 3.7328918), (17.67767, -46.193974, 7.322331), (15.909483, -46.193974, 10.630376), (8.110583, -49.03926, 5.4193187), (8.110583, -49.03926, 5.4193187), (15.909483, -46.193974, 10.630376), (13.529902, -46.193974, 13.529902), (6.8974843, -49.03926, 6.8974843), (6.8974843, -49.03926, 6.8974843), (13.529902, -46.193974, 13.529902), (10.630376, -46.193974, 15.909483), (5.4193187, -49.03926, 8.110583), (5.4193187, -49.03926, 8.110583), (10.630376, -46.193974, 15.909483), (7.322331, -46.193974, 17.67767), (3.7328918, -49.03926, 9.011998), (3.7328918, -49.03926, 9.011998), (7.322331, -46.193974, 17.67767), (3.7328918, -46.193974, 18.766514), (1.9030117, -49.03926, 9.567085), (1.9030117, -49.03926, 9.567085), (3.7328918, -46.193974, 18.766514), (1.1716302e-15, -46.193974, 19.13417), (5.9729185e-16, -49.03926, 9.754517), (5.9729185e-16, -49.03926, 9.754517), (1.1716302e-15, -46.193974, 19.13417), (-3.7328918, -46.193974, 18.766514), (-1.9030117, -49.03926, 9.567085), (-1.9030117, -49.03926, 9.567085), (-3.7328918, -46.193974, 18.766514), (-7.322331, -46.193974, 17.67767), (-3.7328918, -49.03926, 9.011998), (-3.7328918, -49.03926, 9.011998), (-7.322331, -46.193974, 17.67767), (-10.630376, -46.193974, 15.909483), (-5.4193187, -49.03926, 8.110583), (-5.4193187, -49.03926, 8.110583), (-10.630376, -46.193974, 15.909483), (-13.529902, -46.193974, 13.529902), (-6.8974843, -49.03926, 6.8974843), (-6.8974843, -49.03926, 6.8974843), (-13.529902, -46.193974, 13.529902), (-15.909483, -46.193974, 10.630376), (-8.110583, -49.03926, 5.4193187), (-8.110583, -49.03926, 5.4193187), (-15.909483, -46.193974, 10.630376), (-17.67767, -46.193974, 7.322331), (-9.011998, -49.03926, 3.7328918), (-9.011998, -49.03926, 3.7328918), (-17.67767, -46.193974, 7.322331), (-18.766514, -46.193974, 3.7328918), (-9.567085, -49.03926, 1.9030117), (-9.567085, -49.03926, 1.9030117), (-18.766514, -46.193974, 3.7328918), (-19.13417, -46.193974, 2.3432603e-15), (-9.754517, -49.03926, 1.1945837e-15), (-9.754517, -49.03926, 1.1945837e-15), (-19.13417, -46.193974, 2.3432603e-15), (-18.766514, -46.193974, -3.7328918), (-9.567085, -49.03926, -1.9030117), (-9.567085, -49.03926, -1.9030117), (-18.766514, -46.193974, -3.7328918), (-17.67767, -46.193974, -7.322331), (-9.011998, -49.03926, -3.7328918), (-9.011998, -49.03926, -3.7328918), (-17.67767, -46.193974, -7.322331), (-15.909483, -46.193974, -10.630376), (-8.110583, -49.03926, -5.4193187), (-8.110583, -49.03926, -5.4193187), (-15.909483, -46.193974, -10.630376), (-13.529902, -46.193974, -13.529902), (-6.8974843, -49.03926, -6.8974843), (-6.8974843, -49.03926, -6.8974843), (-13.529902, -46.193974, -13.529902), (-10.630376, -46.193974, -15.909483), (-5.4193187, -49.03926, -8.110583), (-5.4193187, -49.03926, -8.110583), (-10.630376, -46.193974, -15.909483), (-7.322331, -46.193974, -17.67767), (-3.7328918, -49.03926, -9.011998), (-3.7328918, -49.03926, -9.011998), (-7.322331, -46.193974, -17.67767), (-3.7328918, -46.193974, -18.766514), (-1.9030117, -49.03926, -9.567085), (-1.9030117, -49.03926, -9.567085), (-3.7328918, -46.193974, -18.766514), (-3.5148903e-15, -46.193974, -19.13417), (-1.7918755e-15, -49.03926, -9.754517), (-1.7918755e-15, -49.03926, -9.754517), (-3.5148903e-15, -46.193974, -19.13417), (3.7328918, -46.193974, -18.766514), (1.9030117, -49.03926, -9.567085), (1.9030117, -49.03926, -9.567085), (3.7328918, -46.193974, -18.766514), (7.322331, -46.193974, -17.67767), (3.7328918, -49.03926, -9.011998), (3.7328918, -49.03926, -9.011998), (7.322331, -46.193974, -17.67767), (10.630376, -46.193974, -15.909483), (5.4193187, -49.03926, -8.110583), (5.4193187, -49.03926, -8.110583), (10.630376, -46.193974, -15.909483), (13.529902, -46.193974, -13.529902), (6.8974843, -49.03926, -6.8974843), (6.8974843, -49.03926, -6.8974843), (13.529902, -46.193974, -13.529902), (15.909483, -46.193974, -10.630376), (8.110583, -49.03926, -5.4193187), (8.110583, -49.03926, -5.4193187), (15.909483, -46.193974, -10.630376), (17.67767, -46.193974, -7.322331), (9.011998, -49.03926, -3.7328918), (9.011998, -49.03926, -3.7328918), (17.67767, -46.193974, -7.322331), (18.766514, -46.193974, -3.7328918), (9.567085, -49.03926, -1.9030117), (9.567085, -49.03926, -1.9030117), (18.766514, -46.193974, -3.7328918), (19.13417, -46.193974, 0), (9.754517, -49.03926, 0), (19.13417, -46.193974, 0), (27.778513, -41.57348, 0), (27.244755, -41.57348, 5.4193187), (18.766514, -46.193974, 3.7328918), (18.766514, -46.193974, 3.7328918), (27.244755, -41.57348, 5.4193187), (25.664, -41.57348, 10.630376), (17.67767, -46.193974, 7.322331), (17.67767, -46.193974, 7.322331), (25.664, -41.57348, 10.630376), (23.096987, -41.57348, 15.432914), (15.909483, -46.193974, 10.630376), (15.909483, -46.193974, 10.630376), (23.096987, -41.57348, 15.432914), (19.642374, -41.57348, 19.642374), (13.529902, -46.193974, 13.529902), (13.529902, -46.193974, 13.529902), (19.642374, -41.57348, 19.642374), (15.432914, -41.57348, 23.096987), (10.630376, -46.193974, 15.909483), (10.630376, -46.193974, 15.909483), (15.432914, -41.57348, 23.096987), (10.630376, -41.57348, 25.664), (7.322331, -46.193974, 17.67767), (7.322331, -46.193974, 17.67767), (10.630376, -41.57348, 25.664), (5.4193187, -41.57348, 27.244755), (3.7328918, -46.193974, 18.766514), (3.7328918, -46.193974, 18.766514), (5.4193187, -41.57348, 27.244755), (1.7009433e-15, -41.57348, 27.778513), (1.1716302e-15, -46.193974, 19.13417), (1.1716302e-15, -46.193974, 19.13417), (1.7009433e-15, -41.57348, 27.778513), (-5.4193187, -41.57348, 27.244755), (-3.7328918, -46.193974, 18.766514), (-3.7328918, -46.193974, 18.766514), (-5.4193187, -41.57348, 27.244755), (-10.630376, -41.57348, 25.664), (-7.322331, -46.193974, 17.67767), (-7.322331, -46.193974, 17.67767), (-10.630376, -41.57348, 25.664), (-15.432914, -41.57348, 23.096987), (-10.630376, -46.193974, 15.909483), (-10.630376, -46.193974, 15.909483), (-15.432914, -41.57348, 23.096987), (-19.642374, -41.57348, 19.642374), (-13.529902, -46.193974, 13.529902), (-13.529902, -46.193974, 13.529902), (-19.642374, -41.57348, 19.642374), (-23.096987, -41.57348, 15.432914), (-15.909483, -46.193974, 10.630376), (-15.909483, -46.193974, 10.630376), (-23.096987, -41.57348, 15.432914), (-25.664, -41.57348, 10.630376), (-17.67767, -46.193974, 7.322331), (-17.67767, -46.193974, 7.322331), (-25.664, -41.57348, 10.630376), (-27.244755, -41.57348, 5.4193187), (-18.766514, -46.193974, 3.7328918), (-18.766514, -46.193974, 3.7328918), (-27.244755, -41.57348, 5.4193187), (-27.778513, -41.57348, 3.4018865e-15), (-19.13417, -46.193974, 2.3432603e-15), (-19.13417, -46.193974, 2.3432603e-15), (-27.778513, -41.57348, 3.4018865e-15), (-27.244755, -41.57348, -5.4193187), (-18.766514, -46.193974, -3.7328918), (-18.766514, -46.193974, -3.7328918), (-27.244755, -41.57348, -5.4193187), (-25.664, -41.57348, -10.630376), (-17.67767, -46.193974, -7.322331), (-17.67767, -46.193974, -7.322331), (-25.664, -41.57348, -10.630376), (-23.096987, -41.57348, -15.432914), (-15.909483, -46.193974, -10.630376), (-15.909483, -46.193974, -10.630376), (-23.096987, -41.57348, -15.432914), (-19.642374, -41.57348, -19.642374), (-13.529902, -46.193974, -13.529902), (-13.529902, -46.193974, -13.529902), (-19.642374, -41.57348, -19.642374), (-15.432914, -41.57348, -23.096987), (-10.630376, -46.193974, -15.909483), (-10.630376, -46.193974, -15.909483), (-15.432914, -41.57348, -23.096987), (-10.630376, -41.57348, -25.664), (-7.322331, -46.193974, -17.67767), (-7.322331, -46.193974, -17.67767), (-10.630376, -41.57348, -25.664), (-5.4193187, -41.57348, -27.244755), (-3.7328918, -46.193974, -18.766514), (-3.7328918, -46.193974, -18.766514), (-5.4193187, -41.57348, -27.244755), (-5.1028297e-15, -41.57348, -27.778513), (-3.5148903e-15, -46.193974, -19.13417), (-3.5148903e-15, -46.193974, -19.13417), (-5.1028297e-15, -41.57348, -27.778513), (5.4193187, -41.57348, -27.244755), (3.7328918, -46.193974, -18.766514), (3.7328918, -46.193974, -18.766514), (5.4193187, -41.57348, -27.244755), (10.630376, -41.57348, -25.664), (7.322331, -46.193974, -17.67767), (7.322331, -46.193974, -17.67767), (10.630376, -41.57348, -25.664), (15.432914, -41.57348, -23.096987), (10.630376, -46.193974, -15.909483), (10.630376, -46.193974, -15.909483), (15.432914, -41.57348, -23.096987), (19.642374, -41.57348, -19.642374), (13.529902, -46.193974, -13.529902), (13.529902, -46.193974, -13.529902), (19.642374, -41.57348, -19.642374), (23.096987, -41.57348, -15.432914), (15.909483, -46.193974, -10.630376), (15.909483, -46.193974, -10.630376), (23.096987, -41.57348, -15.432914), (25.664, -41.57348, -10.630376), (17.67767, -46.193974, -7.322331), (17.67767, -46.193974, -7.322331), (25.664, -41.57348, -10.630376), (27.244755, -41.57348, -5.4193187), (18.766514, -46.193974, -3.7328918), (18.766514, -46.193974, -3.7328918), (27.244755, -41.57348, -5.4193187), (27.778513, -41.57348, 0), (19.13417, -46.193974, 0), (27.778513, -41.57348, 0), (35.35534, -35.35534, 0), (34.676, -35.35534, 6.8974843), (27.244755, -41.57348, 5.4193187), (27.244755, -41.57348, 5.4193187), (34.676, -35.35534, 6.8974843), (32.664074, -35.35534, 13.529902), (25.664, -41.57348, 10.630376), (25.664, -41.57348, 10.630376), (32.664074, -35.35534, 13.529902), (29.396889, -35.35534, 19.642374), (23.096987, -41.57348, 15.432914), (23.096987, -41.57348, 15.432914), (29.396889, -35.35534, 19.642374), (25, -35.35534, 25), (19.642374, -41.57348, 19.642374), (19.642374, -41.57348, 19.642374), (25, -35.35534, 25), (19.642374, -35.35534, 29.396889), (15.432914, -41.57348, 23.096987), (15.432914, -41.57348, 23.096987), (19.642374, -35.35534, 29.396889), (13.529902, -35.35534, 32.664074), (10.630376, -41.57348, 25.664), (10.630376, -41.57348, 25.664), (13.529902, -35.35534, 32.664074), (6.8974843, -35.35534, 34.676), (5.4193187, -41.57348, 27.244755), (5.4193187, -41.57348, 27.244755), (6.8974843, -35.35534, 34.676), (2.1648902e-15, -35.35534, 35.35534), (1.7009433e-15, -41.57348, 27.778513), (1.7009433e-15, -41.57348, 27.778513), (2.1648902e-15, -35.35534, 35.35534), (-6.8974843, -35.35534, 34.676), (-5.4193187, -41.57348, 27.244755), (-5.4193187, -41.57348, 27.244755), (-6.8974843, -35.35534, 34.676), (-13.529902, -35.35534, 32.664074), (-10.630376, -41.57348, 25.664), (-10.630376, -41.57348, 25.664), (-13.529902, -35.35534, 32.664074), (-19.642374, -35.35534, 29.396889), (-15.432914, -41.57348, 23.096987), (-15.432914, -41.57348, 23.096987), (-19.642374, -35.35534, 29.396889), (-25, -35.35534, 25), (-19.642374, -41.57348, 19.642374), (-19.642374, -41.57348, 19.642374), (-25, -35.35534, 25), (-29.396889, -35.35534, 19.642374), (-23.096987, -41.57348, 15.432914), (-23.096987, -41.57348, 15.432914), (-29.396889, -35.35534, 19.642374), (-32.664074, -35.35534, 13.529902), (-25.664, -41.57348, 10.630376), (-25.664, -41.57348, 10.630376), (-32.664074, -35.35534, 13.529902), (-34.676, -35.35534, 6.8974843), (-27.244755, -41.57348, 5.4193187), (-27.244755, -41.57348, 5.4193187), (-34.676, -35.35534, 6.8974843), (-35.35534, -35.35534, 4.3297804e-15), (-27.778513, -41.57348, 3.4018865e-15), (-27.778513, -41.57348, 3.4018865e-15), (-35.35534, -35.35534, 4.3297804e-15), (-34.676, -35.35534, -6.8974843), (-27.244755, -41.57348, -5.4193187), (-27.244755, -41.57348, -5.4193187), (-34.676, -35.35534, -6.8974843), (-32.664074, -35.35534, -13.529902), (-25.664, -41.57348, -10.630376), (-25.664, -41.57348, -10.630376), (-32.664074, -35.35534, -13.529902), (-29.396889, -35.35534, -19.642374), (-23.096987, -41.57348, -15.432914), (-23.096987, -41.57348, -15.432914), (-29.396889, -35.35534, -19.642374), (-25, -35.35534, -25), (-19.642374, -41.57348, -19.642374), (-19.642374, -41.57348, -19.642374), (-25, -35.35534, -25), (-19.642374, -35.35534, -29.396889), (-15.432914, -41.57348, -23.096987), (-15.432914, -41.57348, -23.096987), (-19.642374, -35.35534, -29.396889), (-13.529902, -35.35534, -32.664074), (-10.630376, -41.57348, -25.664), (-10.630376, -41.57348, -25.664), (-13.529902, -35.35534, -32.664074), (-6.8974843, -35.35534, -34.676), (-5.4193187, -41.57348, -27.244755), (-5.4193187, -41.57348, -27.244755), (-6.8974843, -35.35534, -34.676), (-6.49467e-15, -35.35534, -35.35534), (-5.1028297e-15, -41.57348, -27.778513), (-5.1028297e-15, -41.57348, -27.778513), (-6.49467e-15, -35.35534, -35.35534), (6.8974843, -35.35534, -34.676), (5.4193187, -41.57348, -27.244755), (5.4193187, -41.57348, -27.244755), (6.8974843, -35.35534, -34.676), (13.529902, -35.35534, -32.664074), (10.630376, -41.57348, -25.664), (10.630376, -41.57348, -25.664), (13.529902, -35.35534, -32.664074), (19.642374, -35.35534, -29.396889), (15.432914, -41.57348, -23.096987), (15.432914, -41.57348, -23.096987), (19.642374, -35.35534, -29.396889), (25, -35.35534, -25), (19.642374, -41.57348, -19.642374), (19.642374, -41.57348, -19.642374), (25, -35.35534, -25), (29.396889, -35.35534, -19.642374), (23.096987, -41.57348, -15.432914), (23.096987, -41.57348, -15.432914), (29.396889, -35.35534, -19.642374), (32.664074, -35.35534, -13.529902), (25.664, -41.57348, -10.630376), (25.664, -41.57348, -10.630376), (32.664074, -35.35534, -13.529902), (34.676, -35.35534, -6.8974843), (27.244755, -41.57348, -5.4193187), (27.244755, -41.57348, -5.4193187), (34.676, -35.35534, -6.8974843), (35.35534, -35.35534, 0), (27.778513, -41.57348, 0), (35.35534, -35.35534, 0), (41.57348, -27.778513, 0), (40.77466, -27.778513, 8.110583), (34.676, -35.35534, 6.8974843), (34.676, -35.35534, 6.8974843), (40.77466, -27.778513, 8.110583), (38.408886, -27.778513, 15.909483), (32.664074, -35.35534, 13.529902), (32.664074, -35.35534, 13.529902), (38.408886, -27.778513, 15.909483), (34.567085, -27.778513, 23.096987), (29.396889, -35.35534, 19.642374), (29.396889, -35.35534, 19.642374), (34.567085, -27.778513, 23.096987), (29.396889, -27.778513, 29.396889), (25, -35.35534, 25), (25, -35.35534, 25), (29.396889, -27.778513, 29.396889), (23.096987, -27.778513, 34.567085), (19.642374, -35.35534, 29.396889), (19.642374, -35.35534, 29.396889), (23.096987, -27.778513, 34.567085), (15.909483, -27.778513, 38.408886), (13.529902, -35.35534, 32.664074), (13.529902, -35.35534, 32.664074), (15.909483, -27.778513, 38.408886), (8.110583, -27.778513, 40.77466), (6.8974843, -35.35534, 34.676), (6.8974843, -35.35534, 34.676), (8.110583, -27.778513, 40.77466), (2.5456415e-15, -27.778513, 41.57348), (2.1648902e-15, -35.35534, 35.35534), (2.1648902e-15, -35.35534, 35.35534), (2.5456415e-15, -27.778513, 41.57348), (-8.110583, -27.778513, 40.77466), (-6.8974843, -35.35534, 34.676), (-6.8974843, -35.35534, 34.676), (-8.110583, -27.778513, 40.77466), (-15.909483, -27.778513, 38.408886), (-13.529902, -35.35534, 32.664074), (-13.529902, -35.35534, 32.664074), (-15.909483, -27.778513, 38.408886), (-23.096987, -27.778513, 34.567085), (-19.642374, -35.35534, 29.396889), (-19.642374, -35.35534, 29.396889), (-23.096987, -27.778513, 34.567085), (-29.396889, -27.778513, 29.396889), (-25, -35.35534, 25), (-25, -35.35534, 25), (-29.396889, -27.778513, 29.396889), (-34.567085, -27.778513, 23.096987), (-29.396889, -35.35534, 19.642374), (-29.396889, -35.35534, 19.642374), (-34.567085, -27.778513, 23.096987), (-38.408886, -27.778513, 15.909483), (-32.664074, -35.35534, 13.529902), (-32.664074, -35.35534, 13.529902), (-38.408886, -27.778513, 15.909483), (-40.77466, -27.778513, 8.110583), (-34.676, -35.35534, 6.8974843), (-34.676, -35.35534, 6.8974843), (-40.77466, -27.778513, 8.110583), (-41.57348, -27.778513, 5.091283e-15), (-35.35534, -35.35534, 4.3297804e-15), (-35.35534, -35.35534, 4.3297804e-15), (-41.57348, -27.778513, 5.091283e-15), (-40.77466, -27.778513, -8.110583), (-34.676, -35.35534, -6.8974843), (-34.676, -35.35534, -6.8974843), (-40.77466, -27.778513, -8.110583), (-38.408886, -27.778513, -15.909483), (-32.664074, -35.35534, -13.529902), (-32.664074, -35.35534, -13.529902), (-38.408886, -27.778513, -15.909483), (-34.567085, -27.778513, -23.096987), (-29.396889, -35.35534, -19.642374), (-29.396889, -35.35534, -19.642374), (-34.567085, -27.778513, -23.096987), (-29.396889, -27.778513, -29.396889), (-25, -35.35534, -25), (-25, -35.35534, -25), (-29.396889, -27.778513, -29.396889), (-23.096987, -27.778513, -34.567085), (-19.642374, -35.35534, -29.396889), (-19.642374, -35.35534, -29.396889), (-23.096987, -27.778513, -34.567085), (-15.909483, -27.778513, -38.408886), (-13.529902, -35.35534, -32.664074), (-13.529902, -35.35534, -32.664074), (-15.909483, -27.778513, -38.408886), (-8.110583, -27.778513, -40.77466), (-6.8974843, -35.35534, -34.676), (-6.8974843, -35.35534, -34.676), (-8.110583, -27.778513, -40.77466), (-7.6369244e-15, -27.778513, -41.57348), (-6.49467e-15, -35.35534, -35.35534), (-6.49467e-15, -35.35534, -35.35534), (-7.6369244e-15, -27.778513, -41.57348), (8.110583, -27.778513, -40.77466), (6.8974843, -35.35534, -34.676), (6.8974843, -35.35534, -34.676), (8.110583, -27.778513, -40.77466), (15.909483, -27.778513, -38.408886), (13.529902, -35.35534, -32.664074), (13.529902, -35.35534, -32.664074), (15.909483, -27.778513, -38.408886), (23.096987, -27.778513, -34.567085), (19.642374, -35.35534, -29.396889), (19.642374, -35.35534, -29.396889), (23.096987, -27.778513, -34.567085), (29.396889, -27.778513, -29.396889), (25, -35.35534, -25), (25, -35.35534, -25), (29.396889, -27.778513, -29.396889), (34.567085, -27.778513, -23.096987), (29.396889, -35.35534, -19.642374), (29.396889, -35.35534, -19.642374), (34.567085, -27.778513, -23.096987), (38.408886, -27.778513, -15.909483), (32.664074, -35.35534, -13.529902), (32.664074, -35.35534, -13.529902), (38.408886, -27.778513, -15.909483), (40.77466, -27.778513, -8.110583), (34.676, -35.35534, -6.8974843), (34.676, -35.35534, -6.8974843), (40.77466, -27.778513, -8.110583), (41.57348, -27.778513, 0), (35.35534, -35.35534, 0), (41.57348, -27.778513, 0), (46.193974, -19.13417, 0), (45.306374, -19.13417, 9.011998), (40.77466, -27.778513, 8.110583), (40.77466, -27.778513, 8.110583), (45.306374, -19.13417, 9.011998), (42.67767, -19.13417, 17.67767), (38.408886, -27.778513, 15.909483), (38.408886, -27.778513, 15.909483), (42.67767, -19.13417, 17.67767), (38.408886, -19.13417, 25.664), (34.567085, -27.778513, 23.096987), (34.567085, -27.778513, 23.096987), (38.408886, -19.13417, 25.664), (32.664074, -19.13417, 32.664074), (29.396889, -27.778513, 29.396889), (29.396889, -27.778513, 29.396889), (32.664074, -19.13417, 32.664074), (25.664, -19.13417, 38.408886), (23.096987, -27.778513, 34.567085), (23.096987, -27.778513, 34.567085), (25.664, -19.13417, 38.408886), (17.67767, -19.13417, 42.67767), (15.909483, -27.778513, 38.408886), (15.909483, -27.778513, 38.408886), (17.67767, -19.13417, 42.67767), (9.011998, -19.13417, 45.306374), (8.110583, -27.778513, 40.77466), (8.110583, -27.778513, 40.77466), (9.011998, -19.13417, 45.306374), (2.8285653e-15, -19.13417, 46.193974), (2.5456415e-15, -27.778513, 41.57348), (2.5456415e-15, -27.778513, 41.57348), (2.8285653e-15, -19.13417, 46.193974), (-9.011998, -19.13417, 45.306374), (-8.110583, -27.778513, 40.77466), (-8.110583, -27.778513, 40.77466), (-9.011998, -19.13417, 45.306374), (-17.67767, -19.13417, 42.67767), (-15.909483, -27.778513, 38.408886), (-15.909483, -27.778513, 38.408886), (-17.67767, -19.13417, 42.67767), (-25.664, -19.13417, 38.408886), (-23.096987, -27.778513, 34.567085), (-23.096987, -27.778513, 34.567085), (-25.664, -19.13417, 38.408886), (-32.664074, -19.13417, 32.664074), (-29.396889, -27.778513, 29.396889), (-29.396889, -27.778513, 29.396889), (-32.664074, -19.13417, 32.664074), (-38.408886, -19.13417, 25.664), (-34.567085, -27.778513, 23.096987), (-34.567085, -27.778513, 23.096987), (-38.408886, -19.13417, 25.664), (-42.67767, -19.13417, 17.67767), (-38.408886, -27.778513, 15.909483), (-38.408886, -27.778513, 15.909483), (-42.67767, -19.13417, 17.67767), (-45.306374, -19.13417, 9.011998), (-40.77466, -27.778513, 8.110583), (-40.77466, -27.778513, 8.110583), (-45.306374, -19.13417, 9.011998), (-46.193974, -19.13417, 5.6571306e-15), (-41.57348, -27.778513, 5.091283e-15), (-41.57348, -27.778513, 5.091283e-15), (-46.193974, -19.13417, 5.6571306e-15), (-45.306374, -19.13417, -9.011998), (-40.77466, -27.778513, -8.110583), (-40.77466, -27.778513, -8.110583), (-45.306374, -19.13417, -9.011998), (-42.67767, -19.13417, -17.67767), (-38.408886, -27.778513, -15.909483), (-38.408886, -27.778513, -15.909483), (-42.67767, -19.13417, -17.67767), (-38.408886, -19.13417, -25.664), (-34.567085, -27.778513, -23.096987), (-34.567085, -27.778513, -23.096987), (-38.408886, -19.13417, -25.664), (-32.664074, -19.13417, -32.664074), (-29.396889, -27.778513, -29.396889), (-29.396889, -27.778513, -29.396889), (-32.664074, -19.13417, -32.664074), (-25.664, -19.13417, -38.408886), (-23.096987, -27.778513, -34.567085), (-23.096987, -27.778513, -34.567085), (-25.664, -19.13417, -38.408886), (-17.67767, -19.13417, -42.67767), (-15.909483, -27.778513, -38.408886), (-15.909483, -27.778513, -38.408886), (-17.67767, -19.13417, -42.67767), (-9.011998, -19.13417, -45.306374), (-8.110583, -27.778513, -40.77466), (-8.110583, -27.778513, -40.77466), (-9.011998, -19.13417, -45.306374), (-8.4856955e-15, -19.13417, -46.193974), (-7.6369244e-15, -27.778513, -41.57348), (-7.6369244e-15, -27.778513, -41.57348), (-8.4856955e-15, -19.13417, -46.193974), (9.011998, -19.13417, -45.306374), (8.110583, -27.778513, -40.77466), (8.110583, -27.778513, -40.77466), (9.011998, -19.13417, -45.306374), (17.67767, -19.13417, -42.67767), (15.909483, -27.778513, -38.408886), (15.909483, -27.778513, -38.408886), (17.67767, -19.13417, -42.67767), (25.664, -19.13417, -38.408886), (23.096987, -27.778513, -34.567085), (23.096987, -27.778513, -34.567085), (25.664, -19.13417, -38.408886), (32.664074, -19.13417, -32.664074), (29.396889, -27.778513, -29.396889), (29.396889, -27.778513, -29.396889), (32.664074, -19.13417, -32.664074), (38.408886, -19.13417, -25.664), (34.567085, -27.778513, -23.096987), (34.567085, -27.778513, -23.096987), (38.408886, -19.13417, -25.664), (42.67767, -19.13417, -17.67767), (38.408886, -27.778513, -15.909483), (38.408886, -27.778513, -15.909483), (42.67767, -19.13417, -17.67767), (45.306374, -19.13417, -9.011998), (40.77466, -27.778513, -8.110583), (40.77466, -27.778513, -8.110583), (45.306374, -19.13417, -9.011998), (46.193974, -19.13417, 0), (41.57348, -27.778513, 0), (46.193974, -19.13417, 0), (49.03926, -9.754517, 0), (48.09699, -9.754517, 9.567085), (45.306374, -19.13417, 9.011998), (45.306374, -19.13417, 9.011998), (48.09699, -9.754517, 9.567085), (45.306374, -9.754517, 18.766514), (42.67767, -19.13417, 17.67767), (42.67767, -19.13417, 17.67767), (45.306374, -9.754517, 18.766514), (40.77466, -9.754517, 27.244755), (38.408886, -19.13417, 25.664), (38.408886, -19.13417, 25.664), (40.77466, -9.754517, 27.244755), (34.676, -9.754517, 34.676), (32.664074, -19.13417, 32.664074), (32.664074, -19.13417, 32.664074), (34.676, -9.754517, 34.676), (27.244755, -9.754517, 40.77466), (25.664, -19.13417, 38.408886), (25.664, -19.13417, 38.408886), (27.244755, -9.754517, 40.77466), (18.766514, -9.754517, 45.306374), (17.67767, -19.13417, 42.67767), (17.67767, -19.13417, 42.67767), (18.766514, -9.754517, 45.306374), (9.567085, -9.754517, 48.09699), (9.011998, -19.13417, 45.306374), (9.011998, -19.13417, 45.306374), (9.567085, -9.754517, 48.09699), (3.002789e-15, -9.754517, 49.03926), (2.8285653e-15, -19.13417, 46.193974), (2.8285653e-15, -19.13417, 46.193974), (3.002789e-15, -9.754517, 49.03926), (-9.567085, -9.754517, 48.09699), (-9.011998, -19.13417, 45.306374), (-9.011998, -19.13417, 45.306374), (-9.567085, -9.754517, 48.09699), (-18.766514, -9.754517, 45.306374), (-17.67767, -19.13417, 42.67767), (-17.67767, -19.13417, 42.67767), (-18.766514, -9.754517, 45.306374), (-27.244755, -9.754517, 40.77466), (-25.664, -19.13417, 38.408886), (-25.664, -19.13417, 38.408886), (-27.244755, -9.754517, 40.77466), (-34.676, -9.754517, 34.676), (-32.664074, -19.13417, 32.664074), (-32.664074, -19.13417, 32.664074), (-34.676, -9.754517, 34.676), (-40.77466, -9.754517, 27.244755), (-38.408886, -19.13417, 25.664), (-38.408886, -19.13417, 25.664), (-40.77466, -9.754517, 27.244755), (-45.306374, -9.754517, 18.766514), (-42.67767, -19.13417, 17.67767), (-42.67767, -19.13417, 17.67767), (-45.306374, -9.754517, 18.766514), (-48.09699, -9.754517, 9.567085), (-45.306374, -19.13417, 9.011998), (-45.306374, -19.13417, 9.011998), (-48.09699, -9.754517, 9.567085), (-49.03926, -9.754517, 6.005578e-15), (-46.193974, -19.13417, 5.6571306e-15), (-46.193974, -19.13417, 5.6571306e-15), (-49.03926, -9.754517, 6.005578e-15), (-48.09699, -9.754517, -9.567085), (-45.306374, -19.13417, -9.011998), (-45.306374, -19.13417, -9.011998), (-48.09699, -9.754517, -9.567085), (-45.306374, -9.754517, -18.766514), (-42.67767, -19.13417, -17.67767), (-42.67767, -19.13417, -17.67767), (-45.306374, -9.754517, -18.766514), (-40.77466, -9.754517, -27.244755), (-38.408886, -19.13417, -25.664), (-38.408886, -19.13417, -25.664), (-40.77466, -9.754517, -27.244755), (-34.676, -9.754517, -34.676), (-32.664074, -19.13417, -32.664074), (-32.664074, -19.13417, -32.664074), (-34.676, -9.754517, -34.676), (-27.244755, -9.754517, -40.77466), (-25.664, -19.13417, -38.408886), (-25.664, -19.13417, -38.408886), (-27.244755, -9.754517, -40.77466), (-18.766514, -9.754517, -45.306374), (-17.67767, -19.13417, -42.67767), (-17.67767, -19.13417, -42.67767), (-18.766514, -9.754517, -45.306374), (-9.567085, -9.754517, -48.09699), (-9.011998, -19.13417, -45.306374), (-9.011998, -19.13417, -45.306374), (-9.567085, -9.754517, -48.09699), (-9.0083665e-15, -9.754517, -49.03926), (-8.4856955e-15, -19.13417, -46.193974), (-8.4856955e-15, -19.13417, -46.193974), (-9.0083665e-15, -9.754517, -49.03926), (9.567085, -9.754517, -48.09699), (9.011998, -19.13417, -45.306374), (9.011998, -19.13417, -45.306374), (9.567085, -9.754517, -48.09699), (18.766514, -9.754517, -45.306374), (17.67767, -19.13417, -42.67767), (17.67767, -19.13417, -42.67767), (18.766514, -9.754517, -45.306374), (27.244755, -9.754517, -40.77466), (25.664, -19.13417, -38.408886), (25.664, -19.13417, -38.408886), (27.244755, -9.754517, -40.77466), (34.676, -9.754517, -34.676), (32.664074, -19.13417, -32.664074), (32.664074, -19.13417, -32.664074), (34.676, -9.754517, -34.676), (40.77466, -9.754517, -27.244755), (38.408886, -19.13417, -25.664), (38.408886, -19.13417, -25.664), (40.77466, -9.754517, -27.244755), (45.306374, -9.754517, -18.766514), (42.67767, -19.13417, -17.67767), (42.67767, -19.13417, -17.67767), (45.306374, -9.754517, -18.766514), (48.09699, -9.754517, -9.567085), (45.306374, -19.13417, -9.011998), (45.306374, -19.13417, -9.011998), (48.09699, -9.754517, -9.567085), (49.03926, -9.754517, 0), (46.193974, -19.13417, 0), (49.03926, -9.754517, 0), (50, 0, 0), (49.03926, 0, 9.754517), (48.09699, -9.754517, 9.567085), (48.09699, -9.754517, 9.567085), (49.03926, 0, 9.754517), (46.193974, 0, 19.13417), (45.306374, -9.754517, 18.766514), (45.306374, -9.754517, 18.766514), (46.193974, 0, 19.13417), (41.57348, 0, 27.778513), (40.77466, -9.754517, 27.244755), (40.77466, -9.754517, 27.244755), (41.57348, 0, 27.778513), (35.35534, 0, 35.35534), (34.676, -9.754517, 34.676), (34.676, -9.754517, 34.676), (35.35534, 0, 35.35534), (27.778513, 0, 41.57348), (27.244755, -9.754517, 40.77466), (27.244755, -9.754517, 40.77466), (27.778513, 0, 41.57348), (19.13417, 0, 46.193974), (18.766514, -9.754517, 45.306374), (18.766514, -9.754517, 45.306374), (19.13417, 0, 46.193974), (9.754517, 0, 49.03926), (9.567085, -9.754517, 48.09699), (9.567085, -9.754517, 48.09699), (9.754517, 0, 49.03926), (3.061617e-15, 0, 50), (3.002789e-15, -9.754517, 49.03926), (3.002789e-15, -9.754517, 49.03926), (3.061617e-15, 0, 50), (-9.754517, 0, 49.03926), (-9.567085, -9.754517, 48.09699), (-9.567085, -9.754517, 48.09699), (-9.754517, 0, 49.03926), (-19.13417, 0, 46.193974), (-18.766514, -9.754517, 45.306374), (-18.766514, -9.754517, 45.306374), (-19.13417, 0, 46.193974), (-27.778513, 0, 41.57348), (-27.244755, -9.754517, 40.77466), (-27.244755, -9.754517, 40.77466), (-27.778513, 0, 41.57348), (-35.35534, 0, 35.35534), (-34.676, -9.754517, 34.676), (-34.676, -9.754517, 34.676), (-35.35534, 0, 35.35534), (-41.57348, 0, 27.778513), (-40.77466, -9.754517, 27.244755), (-40.77466, -9.754517, 27.244755), (-41.57348, 0, 27.778513), (-46.193974, 0, 19.13417), (-45.306374, -9.754517, 18.766514), (-45.306374, -9.754517, 18.766514), (-46.193974, 0, 19.13417), (-49.03926, 0, 9.754517), (-48.09699, -9.754517, 9.567085), (-48.09699, -9.754517, 9.567085), (-49.03926, 0, 9.754517), (-50, 0, 6.123234e-15), (-49.03926, -9.754517, 6.005578e-15), (-49.03926, -9.754517, 6.005578e-15), (-50, 0, 6.123234e-15), (-49.03926, 0, -9.754517), (-48.09699, -9.754517, -9.567085), (-48.09699, -9.754517, -9.567085), (-49.03926, 0, -9.754517), (-46.193974, 0, -19.13417), (-45.306374, -9.754517, -18.766514), (-45.306374, -9.754517, -18.766514), (-46.193974, 0, -19.13417), (-41.57348, 0, -27.778513), (-40.77466, -9.754517, -27.244755), (-40.77466, -9.754517, -27.244755), (-41.57348, 0, -27.778513), (-35.35534, 0, -35.35534), (-34.676, -9.754517, -34.676), (-34.676, -9.754517, -34.676), (-35.35534, 0, -35.35534), (-27.778513, 0, -41.57348), (-27.244755, -9.754517, -40.77466), (-27.244755, -9.754517, -40.77466), (-27.778513, 0, -41.57348), (-19.13417, 0, -46.193974), (-18.766514, -9.754517, -45.306374), (-18.766514, -9.754517, -45.306374), (-19.13417, 0, -46.193974), (-9.754517, 0, -49.03926), (-9.567085, -9.754517, -48.09699), (-9.567085, -9.754517, -48.09699), (-9.754517, 0, -49.03926), (-9.184851e-15, 0, -50), (-9.0083665e-15, -9.754517, -49.03926), (-9.0083665e-15, -9.754517, -49.03926), (-9.184851e-15, 0, -50), (9.754517, 0, -49.03926), (9.567085, -9.754517, -48.09699), (9.567085, -9.754517, -48.09699), (9.754517, 0, -49.03926), (19.13417, 0, -46.193974), (18.766514, -9.754517, -45.306374), (18.766514, -9.754517, -45.306374), (19.13417, 0, -46.193974), (27.778513, 0, -41.57348), (27.244755, -9.754517, -40.77466), (27.244755, -9.754517, -40.77466), (27.778513, 0, -41.57348), (35.35534, 0, -35.35534), (34.676, -9.754517, -34.676), (34.676, -9.754517, -34.676), (35.35534, 0, -35.35534), (41.57348, 0, -27.778513), (40.77466, -9.754517, -27.244755), (40.77466, -9.754517, -27.244755), (41.57348, 0, -27.778513), (46.193974, 0, -19.13417), (45.306374, -9.754517, -18.766514), (45.306374, -9.754517, -18.766514), (46.193974, 0, -19.13417), (49.03926, 0, -9.754517), (48.09699, -9.754517, -9.567085), (48.09699, -9.754517, -9.567085), (49.03926, 0, -9.754517), (50, 0, 0), (49.03926, -9.754517, 0), (50, 0, 0), (49.03926, 9.754517, 0), (48.09699, 9.754517, 9.567085), (49.03926, 0, 9.754517), (49.03926, 0, 9.754517), (48.09699, 9.754517, 9.567085), (45.306374, 9.754517, 18.766514), (46.193974, 0, 19.13417), (46.193974, 0, 19.13417), (45.306374, 9.754517, 18.766514), (40.77466, 9.754517, 27.244755), (41.57348, 0, 27.778513), (41.57348, 0, 27.778513), (40.77466, 9.754517, 27.244755), (34.676, 9.754517, 34.676), (35.35534, 0, 35.35534), (35.35534, 0, 35.35534), (34.676, 9.754517, 34.676), (27.244755, 9.754517, 40.77466), (27.778513, 0, 41.57348), (27.778513, 0, 41.57348), (27.244755, 9.754517, 40.77466), (18.766514, 9.754517, 45.306374), (19.13417, 0, 46.193974), (19.13417, 0, 46.193974), (18.766514, 9.754517, 45.306374), (9.567085, 9.754517, 48.09699), (9.754517, 0, 49.03926), (9.754517, 0, 49.03926), (9.567085, 9.754517, 48.09699), (3.002789e-15, 9.754517, 49.03926), (3.061617e-15, 0, 50), (3.061617e-15, 0, 50), (3.002789e-15, 9.754517, 49.03926), (-9.567085, 9.754517, 48.09699), (-9.754517, 0, 49.03926), (-9.754517, 0, 49.03926), (-9.567085, 9.754517, 48.09699), (-18.766514, 9.754517, 45.306374), (-19.13417, 0, 46.193974), (-19.13417, 0, 46.193974), (-18.766514, 9.754517, 45.306374), (-27.244755, 9.754517, 40.77466), (-27.778513, 0, 41.57348), (-27.778513, 0, 41.57348), (-27.244755, 9.754517, 40.77466), (-34.676, 9.754517, 34.676), (-35.35534, 0, 35.35534), (-35.35534, 0, 35.35534), (-34.676, 9.754517, 34.676), (-40.77466, 9.754517, 27.244755), (-41.57348, 0, 27.778513), (-41.57348, 0, 27.778513), (-40.77466, 9.754517, 27.244755), (-45.306374, 9.754517, 18.766514), (-46.193974, 0, 19.13417), (-46.193974, 0, 19.13417), (-45.306374, 9.754517, 18.766514), (-48.09699, 9.754517, 9.567085), (-49.03926, 0, 9.754517), (-49.03926, 0, 9.754517), (-48.09699, 9.754517, 9.567085), (-49.03926, 9.754517, 6.005578e-15), (-50, 0, 6.123234e-15), (-50, 0, 6.123234e-15), (-49.03926, 9.754517, 6.005578e-15), (-48.09699, 9.754517, -9.567085), (-49.03926, 0, -9.754517), (-49.03926, 0, -9.754517), (-48.09699, 9.754517, -9.567085), (-45.306374, 9.754517, -18.766514), (-46.193974, 0, -19.13417), (-46.193974, 0, -19.13417), (-45.306374, 9.754517, -18.766514), (-40.77466, 9.754517, -27.244755), (-41.57348, 0, -27.778513), (-41.57348, 0, -27.778513), (-40.77466, 9.754517, -27.244755), (-34.676, 9.754517, -34.676), (-35.35534, 0, -35.35534), (-35.35534, 0, -35.35534), (-34.676, 9.754517, -34.676), (-27.244755, 9.754517, -40.77466), (-27.778513, 0, -41.57348), (-27.778513, 0, -41.57348), (-27.244755, 9.754517, -40.77466), (-18.766514, 9.754517, -45.306374), (-19.13417, 0, -46.193974), (-19.13417, 0, -46.193974), (-18.766514, 9.754517, -45.306374), (-9.567085, 9.754517, -48.09699), (-9.754517, 0, -49.03926), (-9.754517, 0, -49.03926), (-9.567085, 9.754517, -48.09699), (-9.0083665e-15, 9.754517, -49.03926), (-9.184851e-15, 0, -50), (-9.184851e-15, 0, -50), (-9.0083665e-15, 9.754517, -49.03926), (9.567085, 9.754517, -48.09699), (9.754517, 0, -49.03926), (9.754517, 0, -49.03926), (9.567085, 9.754517, -48.09699), (18.766514, 9.754517, -45.306374), (19.13417, 0, -46.193974), (19.13417, 0, -46.193974), (18.766514, 9.754517, -45.306374), (27.244755, 9.754517, -40.77466), (27.778513, 0, -41.57348), (27.778513, 0, -41.57348), (27.244755, 9.754517, -40.77466), (34.676, 9.754517, -34.676), (35.35534, 0, -35.35534), (35.35534, 0, -35.35534), (34.676, 9.754517, -34.676), (40.77466, 9.754517, -27.244755), (41.57348, 0, -27.778513), (41.57348, 0, -27.778513), (40.77466, 9.754517, -27.244755), (45.306374, 9.754517, -18.766514), (46.193974, 0, -19.13417), (46.193974, 0, -19.13417), (45.306374, 9.754517, -18.766514), (48.09699, 9.754517, -9.567085), (49.03926, 0, -9.754517), (49.03926, 0, -9.754517), (48.09699, 9.754517, -9.567085), (49.03926, 9.754517, 0), (50, 0, 0), (49.03926, 9.754517, 0), (46.193974, 19.13417, 0), (45.306374, 19.13417, 9.011998), (48.09699, 9.754517, 9.567085), (48.09699, 9.754517, 9.567085), (45.306374, 19.13417, 9.011998), (42.67767, 19.13417, 17.67767), (45.306374, 9.754517, 18.766514), (45.306374, 9.754517, 18.766514), (42.67767, 19.13417, 17.67767), (38.408886, 19.13417, 25.664), (40.77466, 9.754517, 27.244755), (40.77466, 9.754517, 27.244755), (38.408886, 19.13417, 25.664), (32.664074, 19.13417, 32.664074), (34.676, 9.754517, 34.676), (34.676, 9.754517, 34.676), (32.664074, 19.13417, 32.664074), (25.664, 19.13417, 38.408886), (27.244755, 9.754517, 40.77466), (27.244755, 9.754517, 40.77466), (25.664, 19.13417, 38.408886), (17.67767, 19.13417, 42.67767), (18.766514, 9.754517, 45.306374), (18.766514, 9.754517, 45.306374), (17.67767, 19.13417, 42.67767), (9.011998, 19.13417, 45.306374), (9.567085, 9.754517, 48.09699), (9.567085, 9.754517, 48.09699), (9.011998, 19.13417, 45.306374), (2.8285653e-15, 19.13417, 46.193974), (3.002789e-15, 9.754517, 49.03926), (3.002789e-15, 9.754517, 49.03926), (2.8285653e-15, 19.13417, 46.193974), (-9.011998, 19.13417, 45.306374), (-9.567085, 9.754517, 48.09699), (-9.567085, 9.754517, 48.09699), (-9.011998, 19.13417, 45.306374), (-17.67767, 19.13417, 42.67767), (-18.766514, 9.754517, 45.306374), (-18.766514, 9.754517, 45.306374), (-17.67767, 19.13417, 42.67767), (-25.664, 19.13417, 38.408886), (-27.244755, 9.754517, 40.77466), (-27.244755, 9.754517, 40.77466), (-25.664, 19.13417, 38.408886), (-32.664074, 19.13417, 32.664074), (-34.676, 9.754517, 34.676), (-34.676, 9.754517, 34.676), (-32.664074, 19.13417, 32.664074), (-38.408886, 19.13417, 25.664), (-40.77466, 9.754517, 27.244755), (-40.77466, 9.754517, 27.244755), (-38.408886, 19.13417, 25.664), (-42.67767, 19.13417, 17.67767), (-45.306374, 9.754517, 18.766514), (-45.306374, 9.754517, 18.766514), (-42.67767, 19.13417, 17.67767), (-45.306374, 19.13417, 9.011998), (-48.09699, 9.754517, 9.567085), (-48.09699, 9.754517, 9.567085), (-45.306374, 19.13417, 9.011998), (-46.193974, 19.13417, 5.6571306e-15), (-49.03926, 9.754517, 6.005578e-15), (-49.03926, 9.754517, 6.005578e-15), (-46.193974, 19.13417, 5.6571306e-15), (-45.306374, 19.13417, -9.011998), (-48.09699, 9.754517, -9.567085), (-48.09699, 9.754517, -9.567085), (-45.306374, 19.13417, -9.011998), (-42.67767, 19.13417, -17.67767), (-45.306374, 9.754517, -18.766514), (-45.306374, 9.754517, -18.766514), (-42.67767, 19.13417, -17.67767), (-38.408886, 19.13417, -25.664), (-40.77466, 9.754517, -27.244755), (-40.77466, 9.754517, -27.244755), (-38.408886, 19.13417, -25.664), (-32.664074, 19.13417, -32.664074), (-34.676, 9.754517, -34.676), (-34.676, 9.754517, -34.676), (-32.664074, 19.13417, -32.664074), (-25.664, 19.13417, -38.408886), (-27.244755, 9.754517, -40.77466), (-27.244755, 9.754517, -40.77466), (-25.664, 19.13417, -38.408886), (-17.67767, 19.13417, -42.67767), (-18.766514, 9.754517, -45.306374), (-18.766514, 9.754517, -45.306374), (-17.67767, 19.13417, -42.67767), (-9.011998, 19.13417, -45.306374), (-9.567085, 9.754517, -48.09699), (-9.567085, 9.754517, -48.09699), (-9.011998, 19.13417, -45.306374), (-8.4856955e-15, 19.13417, -46.193974), (-9.0083665e-15, 9.754517, -49.03926), (-9.0083665e-15, 9.754517, -49.03926), (-8.4856955e-15, 19.13417, -46.193974), (9.011998, 19.13417, -45.306374), (9.567085, 9.754517, -48.09699), (9.567085, 9.754517, -48.09699), (9.011998, 19.13417, -45.306374), (17.67767, 19.13417, -42.67767), (18.766514, 9.754517, -45.306374), (18.766514, 9.754517, -45.306374), (17.67767, 19.13417, -42.67767), (25.664, 19.13417, -38.408886), (27.244755, 9.754517, -40.77466), (27.244755, 9.754517, -40.77466), (25.664, 19.13417, -38.408886), (32.664074, 19.13417, -32.664074), (34.676, 9.754517, -34.676), (34.676, 9.754517, -34.676), (32.664074, 19.13417, -32.664074), (38.408886, 19.13417, -25.664), (40.77466, 9.754517, -27.244755), (40.77466, 9.754517, -27.244755), (38.408886, 19.13417, -25.664), (42.67767, 19.13417, -17.67767), (45.306374, 9.754517, -18.766514), (45.306374, 9.754517, -18.766514), (42.67767, 19.13417, -17.67767), (45.306374, 19.13417, -9.011998), (48.09699, 9.754517, -9.567085), (48.09699, 9.754517, -9.567085), (45.306374, 19.13417, -9.011998), (46.193974, 19.13417, 0), (49.03926, 9.754517, 0), (46.193974, 19.13417, 0), (41.57348, 27.778513, 0), (40.77466, 27.778513, 8.110583), (45.306374, 19.13417, 9.011998), (45.306374, 19.13417, 9.011998), (40.77466, 27.778513, 8.110583), (38.408886, 27.778513, 15.909483), (42.67767, 19.13417, 17.67767), (42.67767, 19.13417, 17.67767), (38.408886, 27.778513, 15.909483), (34.567085, 27.778513, 23.096987), (38.408886, 19.13417, 25.664), (38.408886, 19.13417, 25.664), (34.567085, 27.778513, 23.096987), (29.396889, 27.778513, 29.396889), (32.664074, 19.13417, 32.664074), (32.664074, 19.13417, 32.664074), (29.396889, 27.778513, 29.396889), (23.096987, 27.778513, 34.567085), (25.664, 19.13417, 38.408886), (25.664, 19.13417, 38.408886), (23.096987, 27.778513, 34.567085), (15.909483, 27.778513, 38.408886), (17.67767, 19.13417, 42.67767), (17.67767, 19.13417, 42.67767), (15.909483, 27.778513, 38.408886), (8.110583, 27.778513, 40.77466), (9.011998, 19.13417, 45.306374), (9.011998, 19.13417, 45.306374), (8.110583, 27.778513, 40.77466), (2.5456415e-15, 27.778513, 41.57348), (2.8285653e-15, 19.13417, 46.193974), (2.8285653e-15, 19.13417, 46.193974), (2.5456415e-15, 27.778513, 41.57348), (-8.110583, 27.778513, 40.77466), (-9.011998, 19.13417, 45.306374), (-9.011998, 19.13417, 45.306374), (-8.110583, 27.778513, 40.77466), (-15.909483, 27.778513, 38.408886), (-17.67767, 19.13417, 42.67767), (-17.67767, 19.13417, 42.67767), (-15.909483, 27.778513, 38.408886), (-23.096987, 27.778513, 34.567085), (-25.664, 19.13417, 38.408886), (-25.664, 19.13417, 38.408886), (-23.096987, 27.778513, 34.567085), (-29.396889, 27.778513, 29.396889), (-32.664074, 19.13417, 32.664074), (-32.664074, 19.13417, 32.664074), (-29.396889, 27.778513, 29.396889), (-34.567085, 27.778513, 23.096987), (-38.408886, 19.13417, 25.664), (-38.408886, 19.13417, 25.664), (-34.567085, 27.778513, 23.096987), (-38.408886, 27.778513, 15.909483), (-42.67767, 19.13417, 17.67767), (-42.67767, 19.13417, 17.67767), (-38.408886, 27.778513, 15.909483), (-40.77466, 27.778513, 8.110583), (-45.306374, 19.13417, 9.011998), (-45.306374, 19.13417, 9.011998), (-40.77466, 27.778513, 8.110583), (-41.57348, 27.778513, 5.091283e-15), (-46.193974, 19.13417, 5.6571306e-15), (-46.193974, 19.13417, 5.6571306e-15), (-41.57348, 27.778513, 5.091283e-15), (-40.77466, 27.778513, -8.110583), (-45.306374, 19.13417, -9.011998), (-45.306374, 19.13417, -9.011998), (-40.77466, 27.778513, -8.110583), (-38.408886, 27.778513, -15.909483), (-42.67767, 19.13417, -17.67767), (-42.67767, 19.13417, -17.67767), (-38.408886, 27.778513, -15.909483), (-34.567085, 27.778513, -23.096987), (-38.408886, 19.13417, -25.664), (-38.408886, 19.13417, -25.664), (-34.567085, 27.778513, -23.096987), (-29.396889, 27.778513, -29.396889), (-32.664074, 19.13417, -32.664074), (-32.664074, 19.13417, -32.664074), (-29.396889, 27.778513, -29.396889), (-23.096987, 27.778513, -34.567085), (-25.664, 19.13417, -38.408886), (-25.664, 19.13417, -38.408886), (-23.096987, 27.778513, -34.567085), (-15.909483, 27.778513, -38.408886), (-17.67767, 19.13417, -42.67767), (-17.67767, 19.13417, -42.67767), (-15.909483, 27.778513, -38.408886), (-8.110583, 27.778513, -40.77466), (-9.011998, 19.13417, -45.306374), (-9.011998, 19.13417, -45.306374), (-8.110583, 27.778513, -40.77466), (-7.6369244e-15, 27.778513, -41.57348), (-8.4856955e-15, 19.13417, -46.193974), (-8.4856955e-15, 19.13417, -46.193974), (-7.6369244e-15, 27.778513, -41.57348), (8.110583, 27.778513, -40.77466), (9.011998, 19.13417, -45.306374), (9.011998, 19.13417, -45.306374), (8.110583, 27.778513, -40.77466), (15.909483, 27.778513, -38.408886), (17.67767, 19.13417, -42.67767), (17.67767, 19.13417, -42.67767), (15.909483, 27.778513, -38.408886), (23.096987, 27.778513, -34.567085), (25.664, 19.13417, -38.408886), (25.664, 19.13417, -38.408886), (23.096987, 27.778513, -34.567085), (29.396889, 27.778513, -29.396889), (32.664074, 19.13417, -32.664074), (32.664074, 19.13417, -32.664074), (29.396889, 27.778513, -29.396889), (34.567085, 27.778513, -23.096987), (38.408886, 19.13417, -25.664), (38.408886, 19.13417, -25.664), (34.567085, 27.778513, -23.096987), (38.408886, 27.778513, -15.909483), (42.67767, 19.13417, -17.67767), (42.67767, 19.13417, -17.67767), (38.408886, 27.778513, -15.909483), (40.77466, 27.778513, -8.110583), (45.306374, 19.13417, -9.011998), (45.306374, 19.13417, -9.011998), (40.77466, 27.778513, -8.110583), (41.57348, 27.778513, 0), (46.193974, 19.13417, 0), (41.57348, 27.778513, 0), (35.35534, 35.35534, 0), (34.676, 35.35534, 6.8974843), (40.77466, 27.778513, 8.110583), (40.77466, 27.778513, 8.110583), (34.676, 35.35534, 6.8974843), (32.664074, 35.35534, 13.529902), (38.408886, 27.778513, 15.909483), (38.408886, 27.778513, 15.909483), (32.664074, 35.35534, 13.529902), (29.396889, 35.35534, 19.642374), (34.567085, 27.778513, 23.096987), (34.567085, 27.778513, 23.096987), (29.396889, 35.35534, 19.642374), (25, 35.35534, 25), (29.396889, 27.778513, 29.396889), (29.396889, 27.778513, 29.396889), (25, 35.35534, 25), (19.642374, 35.35534, 29.396889), (23.096987, 27.778513, 34.567085), (23.096987, 27.778513, 34.567085), (19.642374, 35.35534, 29.396889), (13.529902, 35.35534, 32.664074), (15.909483, 27.778513, 38.408886), (15.909483, 27.778513, 38.408886), (13.529902, 35.35534, 32.664074), (6.8974843, 35.35534, 34.676), (8.110583, 27.778513, 40.77466), (8.110583, 27.778513, 40.77466), (6.8974843, 35.35534, 34.676), (2.1648902e-15, 35.35534, 35.35534), (2.5456415e-15, 27.778513, 41.57348), (2.5456415e-15, 27.778513, 41.57348), (2.1648902e-15, 35.35534, 35.35534), (-6.8974843, 35.35534, 34.676), (-8.110583, 27.778513, 40.77466), (-8.110583, 27.778513, 40.77466), (-6.8974843, 35.35534, 34.676), (-13.529902, 35.35534, 32.664074), (-15.909483, 27.778513, 38.408886), (-15.909483, 27.778513, 38.408886), (-13.529902, 35.35534, 32.664074), (-19.642374, 35.35534, 29.396889), (-23.096987, 27.778513, 34.567085), (-23.096987, 27.778513, 34.567085), (-19.642374, 35.35534, 29.396889), (-25, 35.35534, 25), (-29.396889, 27.778513, 29.396889), (-29.396889, 27.778513, 29.396889), (-25, 35.35534, 25), (-29.396889, 35.35534, 19.642374), (-34.567085, 27.778513, 23.096987), (-34.567085, 27.778513, 23.096987), (-29.396889, 35.35534, 19.642374), (-32.664074, 35.35534, 13.529902), (-38.408886, 27.778513, 15.909483), (-38.408886, 27.778513, 15.909483), (-32.664074, 35.35534, 13.529902), (-34.676, 35.35534, 6.8974843), (-40.77466, 27.778513, 8.110583), (-40.77466, 27.778513, 8.110583), (-34.676, 35.35534, 6.8974843), (-35.35534, 35.35534, 4.3297804e-15), (-41.57348, 27.778513, 5.091283e-15), (-41.57348, 27.778513, 5.091283e-15), (-35.35534, 35.35534, 4.3297804e-15), (-34.676, 35.35534, -6.8974843), (-40.77466, 27.778513, -8.110583), (-40.77466, 27.778513, -8.110583), (-34.676, 35.35534, -6.8974843), (-32.664074, 35.35534, -13.529902), (-38.408886, 27.778513, -15.909483), (-38.408886, 27.778513, -15.909483), (-32.664074, 35.35534, -13.529902), (-29.396889, 35.35534, -19.642374), (-34.567085, 27.778513, -23.096987), (-34.567085, 27.778513, -23.096987), (-29.396889, 35.35534, -19.642374), (-25, 35.35534, -25), (-29.396889, 27.778513, -29.396889), (-29.396889, 27.778513, -29.396889), (-25, 35.35534, -25), (-19.642374, 35.35534, -29.396889), (-23.096987, 27.778513, -34.567085), (-23.096987, 27.778513, -34.567085), (-19.642374, 35.35534, -29.396889), (-13.529902, 35.35534, -32.664074), (-15.909483, 27.778513, -38.408886), (-15.909483, 27.778513, -38.408886), (-13.529902, 35.35534, -32.664074), (-6.8974843, 35.35534, -34.676), (-8.110583, 27.778513, -40.77466), (-8.110583, 27.778513, -40.77466), (-6.8974843, 35.35534, -34.676), (-6.49467e-15, 35.35534, -35.35534), (-7.6369244e-15, 27.778513, -41.57348), (-7.6369244e-15, 27.778513, -41.57348), (-6.49467e-15, 35.35534, -35.35534), (6.8974843, 35.35534, -34.676), (8.110583, 27.778513, -40.77466), (8.110583, 27.778513, -40.77466), (6.8974843, 35.35534, -34.676), (13.529902, 35.35534, -32.664074), (15.909483, 27.778513, -38.408886), (15.909483, 27.778513, -38.408886), (13.529902, 35.35534, -32.664074), (19.642374, 35.35534, -29.396889), (23.096987, 27.778513, -34.567085), (23.096987, 27.778513, -34.567085), (19.642374, 35.35534, -29.396889), (25, 35.35534, -25), (29.396889, 27.778513, -29.396889), (29.396889, 27.778513, -29.396889), (25, 35.35534, -25), (29.396889, 35.35534, -19.642374), (34.567085, 27.778513, -23.096987), (34.567085, 27.778513, -23.096987), (29.396889, 35.35534, -19.642374), (32.664074, 35.35534, -13.529902), (38.408886, 27.778513, -15.909483), (38.408886, 27.778513, -15.909483), (32.664074, 35.35534, -13.529902), (34.676, 35.35534, -6.8974843), (40.77466, 27.778513, -8.110583), (40.77466, 27.778513, -8.110583), (34.676, 35.35534, -6.8974843), (35.35534, 35.35534, 0), (41.57348, 27.778513, 0), (35.35534, 35.35534, 0), (27.778513, 41.57348, 0), (27.244755, 41.57348, 5.4193187), (34.676, 35.35534, 6.8974843), (34.676, 35.35534, 6.8974843), (27.244755, 41.57348, 5.4193187), (25.664, 41.57348, 10.630376), (32.664074, 35.35534, 13.529902), (32.664074, 35.35534, 13.529902), (25.664, 41.57348, 10.630376), (23.096987, 41.57348, 15.432914), (29.396889, 35.35534, 19.642374), (29.396889, 35.35534, 19.642374), (23.096987, 41.57348, 15.432914), (19.642374, 41.57348, 19.642374), (25, 35.35534, 25), (25, 35.35534, 25), (19.642374, 41.57348, 19.642374), (15.432914, 41.57348, 23.096987), (19.642374, 35.35534, 29.396889), (19.642374, 35.35534, 29.396889), (15.432914, 41.57348, 23.096987), (10.630376, 41.57348, 25.664), (13.529902, 35.35534, 32.664074), (13.529902, 35.35534, 32.664074), (10.630376, 41.57348, 25.664), (5.4193187, 41.57348, 27.244755), (6.8974843, 35.35534, 34.676), (6.8974843, 35.35534, 34.676), (5.4193187, 41.57348, 27.244755), (1.7009433e-15, 41.57348, 27.778513), (2.1648902e-15, 35.35534, 35.35534), (2.1648902e-15, 35.35534, 35.35534), (1.7009433e-15, 41.57348, 27.778513), (-5.4193187, 41.57348, 27.244755), (-6.8974843, 35.35534, 34.676), (-6.8974843, 35.35534, 34.676), (-5.4193187, 41.57348, 27.244755), (-10.630376, 41.57348, 25.664), (-13.529902, 35.35534, 32.664074), (-13.529902, 35.35534, 32.664074), (-10.630376, 41.57348, 25.664), (-15.432914, 41.57348, 23.096987), (-19.642374, 35.35534, 29.396889), (-19.642374, 35.35534, 29.396889), (-15.432914, 41.57348, 23.096987), (-19.642374, 41.57348, 19.642374), (-25, 35.35534, 25), (-25, 35.35534, 25), (-19.642374, 41.57348, 19.642374), (-23.096987, 41.57348, 15.432914), (-29.396889, 35.35534, 19.642374), (-29.396889, 35.35534, 19.642374), (-23.096987, 41.57348, 15.432914), (-25.664, 41.57348, 10.630376), (-32.664074, 35.35534, 13.529902), (-32.664074, 35.35534, 13.529902), (-25.664, 41.57348, 10.630376), (-27.244755, 41.57348, 5.4193187), (-34.676, 35.35534, 6.8974843), (-34.676, 35.35534, 6.8974843), (-27.244755, 41.57348, 5.4193187), (-27.778513, 41.57348, 3.4018865e-15), (-35.35534, 35.35534, 4.3297804e-15), (-35.35534, 35.35534, 4.3297804e-15), (-27.778513, 41.57348, 3.4018865e-15), (-27.244755, 41.57348, -5.4193187), (-34.676, 35.35534, -6.8974843), (-34.676, 35.35534, -6.8974843), (-27.244755, 41.57348, -5.4193187), (-25.664, 41.57348, -10.630376), (-32.664074, 35.35534, -13.529902), (-32.664074, 35.35534, -13.529902), (-25.664, 41.57348, -10.630376), (-23.096987, 41.57348, -15.432914), (-29.396889, 35.35534, -19.642374), (-29.396889, 35.35534, -19.642374), (-23.096987, 41.57348, -15.432914), (-19.642374, 41.57348, -19.642374), (-25, 35.35534, -25), (-25, 35.35534, -25), (-19.642374, 41.57348, -19.642374), (-15.432914, 41.57348, -23.096987), (-19.642374, 35.35534, -29.396889), (-19.642374, 35.35534, -29.396889), (-15.432914, 41.57348, -23.096987), (-10.630376, 41.57348, -25.664), (-13.529902, 35.35534, -32.664074), (-13.529902, 35.35534, -32.664074), (-10.630376, 41.57348, -25.664), (-5.4193187, 41.57348, -27.244755), (-6.8974843, 35.35534, -34.676), (-6.8974843, 35.35534, -34.676), (-5.4193187, 41.57348, -27.244755), (-5.1028297e-15, 41.57348, -27.778513), (-6.49467e-15, 35.35534, -35.35534), (-6.49467e-15, 35.35534, -35.35534), (-5.1028297e-15, 41.57348, -27.778513), (5.4193187, 41.57348, -27.244755), (6.8974843, 35.35534, -34.676), (6.8974843, 35.35534, -34.676), (5.4193187, 41.57348, -27.244755), (10.630376, 41.57348, -25.664), (13.529902, 35.35534, -32.664074), (13.529902, 35.35534, -32.664074), (10.630376, 41.57348, -25.664), (15.432914, 41.57348, -23.096987), (19.642374, 35.35534, -29.396889), (19.642374, 35.35534, -29.396889), (15.432914, 41.57348, -23.096987), (19.642374, 41.57348, -19.642374), (25, 35.35534, -25), (25, 35.35534, -25), (19.642374, 41.57348, -19.642374), (23.096987, 41.57348, -15.432914), (29.396889, 35.35534, -19.642374), (29.396889, 35.35534, -19.642374), (23.096987, 41.57348, -15.432914), (25.664, 41.57348, -10.630376), (32.664074, 35.35534, -13.529902), (32.664074, 35.35534, -13.529902), (25.664, 41.57348, -10.630376), (27.244755, 41.57348, -5.4193187), (34.676, 35.35534, -6.8974843), (34.676, 35.35534, -6.8974843), (27.244755, 41.57348, -5.4193187), (27.778513, 41.57348, 0), (35.35534, 35.35534, 0), (27.778513, 41.57348, 0), (19.13417, 46.193974, 0), (18.766514, 46.193974, 3.7328918), (27.244755, 41.57348, 5.4193187), (27.244755, 41.57348, 5.4193187), (18.766514, 46.193974, 3.7328918), (17.67767, 46.193974, 7.322331), (25.664, 41.57348, 10.630376), (25.664, 41.57348, 10.630376), (17.67767, 46.193974, 7.322331), (15.909483, 46.193974, 10.630376), (23.096987, 41.57348, 15.432914), (23.096987, 41.57348, 15.432914), (15.909483, 46.193974, 10.630376), (13.529902, 46.193974, 13.529902), (19.642374, 41.57348, 19.642374), (19.642374, 41.57348, 19.642374), (13.529902, 46.193974, 13.529902), (10.630376, 46.193974, 15.909483), (15.432914, 41.57348, 23.096987), (15.432914, 41.57348, 23.096987), (10.630376, 46.193974, 15.909483), (7.322331, 46.193974, 17.67767), (10.630376, 41.57348, 25.664), (10.630376, 41.57348, 25.664), (7.322331, 46.193974, 17.67767), (3.7328918, 46.193974, 18.766514), (5.4193187, 41.57348, 27.244755), (5.4193187, 41.57348, 27.244755), (3.7328918, 46.193974, 18.766514), (1.1716302e-15, 46.193974, 19.13417), (1.7009433e-15, 41.57348, 27.778513), (1.7009433e-15, 41.57348, 27.778513), (1.1716302e-15, 46.193974, 19.13417), (-3.7328918, 46.193974, 18.766514), (-5.4193187, 41.57348, 27.244755), (-5.4193187, 41.57348, 27.244755), (-3.7328918, 46.193974, 18.766514), (-7.322331, 46.193974, 17.67767), (-10.630376, 41.57348, 25.664), (-10.630376, 41.57348, 25.664), (-7.322331, 46.193974, 17.67767), (-10.630376, 46.193974, 15.909483), (-15.432914, 41.57348, 23.096987), (-15.432914, 41.57348, 23.096987), (-10.630376, 46.193974, 15.909483), (-13.529902, 46.193974, 13.529902), (-19.642374, 41.57348, 19.642374), (-19.642374, 41.57348, 19.642374), (-13.529902, 46.193974, 13.529902), (-15.909483, 46.193974, 10.630376), (-23.096987, 41.57348, 15.432914), (-23.096987, 41.57348, 15.432914), (-15.909483, 46.193974, 10.630376), (-17.67767, 46.193974, 7.322331), (-25.664, 41.57348, 10.630376), (-25.664, 41.57348, 10.630376), (-17.67767, 46.193974, 7.322331), (-18.766514, 46.193974, 3.7328918), (-27.244755, 41.57348, 5.4193187), (-27.244755, 41.57348, 5.4193187), (-18.766514, 46.193974, 3.7328918), (-19.13417, 46.193974, 2.3432603e-15), (-27.778513, 41.57348, 3.4018865e-15), (-27.778513, 41.57348, 3.4018865e-15), (-19.13417, 46.193974, 2.3432603e-15), (-18.766514, 46.193974, -3.7328918), (-27.244755, 41.57348, -5.4193187), (-27.244755, 41.57348, -5.4193187), (-18.766514, 46.193974, -3.7328918), (-17.67767, 46.193974, -7.322331), (-25.664, 41.57348, -10.630376), (-25.664, 41.57348, -10.630376), (-17.67767, 46.193974, -7.322331), (-15.909483, 46.193974, -10.630376), (-23.096987, 41.57348, -15.432914), (-23.096987, 41.57348, -15.432914), (-15.909483, 46.193974, -10.630376), (-13.529902, 46.193974, -13.529902), (-19.642374, 41.57348, -19.642374), (-19.642374, 41.57348, -19.642374), (-13.529902, 46.193974, -13.529902), (-10.630376, 46.193974, -15.909483), (-15.432914, 41.57348, -23.096987), (-15.432914, 41.57348, -23.096987), (-10.630376, 46.193974, -15.909483), (-7.322331, 46.193974, -17.67767), (-10.630376, 41.57348, -25.664), (-10.630376, 41.57348, -25.664), (-7.322331, 46.193974, -17.67767), (-3.7328918, 46.193974, -18.766514), (-5.4193187, 41.57348, -27.244755), (-5.4193187, 41.57348, -27.244755), (-3.7328918, 46.193974, -18.766514), (-3.5148903e-15, 46.193974, -19.13417), (-5.1028297e-15, 41.57348, -27.778513), (-5.1028297e-15, 41.57348, -27.778513), (-3.5148903e-15, 46.193974, -19.13417), (3.7328918, 46.193974, -18.766514), (5.4193187, 41.57348, -27.244755), (5.4193187, 41.57348, -27.244755), (3.7328918, 46.193974, -18.766514), (7.322331, 46.193974, -17.67767), (10.630376, 41.57348, -25.664), (10.630376, 41.57348, -25.664), (7.322331, 46.193974, -17.67767), (10.630376, 46.193974, -15.909483), (15.432914, 41.57348, -23.096987), (15.432914, 41.57348, -23.096987), (10.630376, 46.193974, -15.909483), (13.529902, 46.193974, -13.529902), (19.642374, 41.57348, -19.642374), (19.642374, 41.57348, -19.642374), (13.529902, 46.193974, -13.529902), (15.909483, 46.193974, -10.630376), (23.096987, 41.57348, -15.432914), (23.096987, 41.57348, -15.432914), (15.909483, 46.193974, -10.630376), (17.67767, 46.193974, -7.322331), (25.664, 41.57348, -10.630376), (25.664, 41.57348, -10.630376), (17.67767, 46.193974, -7.322331), (18.766514, 46.193974, -3.7328918), (27.244755, 41.57348, -5.4193187), (27.244755, 41.57348, -5.4193187), (18.766514, 46.193974, -3.7328918), (19.13417, 46.193974, 0), (27.778513, 41.57348, 0), (19.13417, 46.193974, 0), (9.754517, 49.03926, 0), (9.567085, 49.03926, 1.9030117), (18.766514, 46.193974, 3.7328918), (18.766514, 46.193974, 3.7328918), (9.567085, 49.03926, 1.9030117), (9.011998, 49.03926, 3.7328918), (17.67767, 46.193974, 7.322331), (17.67767, 46.193974, 7.322331), (9.011998, 49.03926, 3.7328918), (8.110583, 49.03926, 5.4193187), (15.909483, 46.193974, 10.630376), (15.909483, 46.193974, 10.630376), (8.110583, 49.03926, 5.4193187), (6.8974843, 49.03926, 6.8974843), (13.529902, 46.193974, 13.529902), (13.529902, 46.193974, 13.529902), (6.8974843, 49.03926, 6.8974843), (5.4193187, 49.03926, 8.110583), (10.630376, 46.193974, 15.909483), (10.630376, 46.193974, 15.909483), (5.4193187, 49.03926, 8.110583), (3.7328918, 49.03926, 9.011998), (7.322331, 46.193974, 17.67767), (7.322331, 46.193974, 17.67767), (3.7328918, 49.03926, 9.011998), (1.9030117, 49.03926, 9.567085), (3.7328918, 46.193974, 18.766514), (3.7328918, 46.193974, 18.766514), (1.9030117, 49.03926, 9.567085), (5.9729185e-16, 49.03926, 9.754517), (1.1716302e-15, 46.193974, 19.13417), (1.1716302e-15, 46.193974, 19.13417), (5.9729185e-16, 49.03926, 9.754517), (-1.9030117, 49.03926, 9.567085), (-3.7328918, 46.193974, 18.766514), (-3.7328918, 46.193974, 18.766514), (-1.9030117, 49.03926, 9.567085), (-3.7328918, 49.03926, 9.011998), (-7.322331, 46.193974, 17.67767), (-7.322331, 46.193974, 17.67767), (-3.7328918, 49.03926, 9.011998), (-5.4193187, 49.03926, 8.110583), (-10.630376, 46.193974, 15.909483), (-10.630376, 46.193974, 15.909483), (-5.4193187, 49.03926, 8.110583), (-6.8974843, 49.03926, 6.8974843), (-13.529902, 46.193974, 13.529902), (-13.529902, 46.193974, 13.529902), (-6.8974843, 49.03926, 6.8974843), (-8.110583, 49.03926, 5.4193187), (-15.909483, 46.193974, 10.630376), (-15.909483, 46.193974, 10.630376), (-8.110583, 49.03926, 5.4193187), (-9.011998, 49.03926, 3.7328918), (-17.67767, 46.193974, 7.322331), (-17.67767, 46.193974, 7.322331), (-9.011998, 49.03926, 3.7328918), (-9.567085, 49.03926, 1.9030117), (-18.766514, 46.193974, 3.7328918), (-18.766514, 46.193974, 3.7328918), (-9.567085, 49.03926, 1.9030117), (-9.754517, 49.03926, 1.1945837e-15), (-19.13417, 46.193974, 2.3432603e-15), (-19.13417, 46.193974, 2.3432603e-15), (-9.754517, 49.03926, 1.1945837e-15), (-9.567085, 49.03926, -1.9030117), (-18.766514, 46.193974, -3.7328918), (-18.766514, 46.193974, -3.7328918), (-9.567085, 49.03926, -1.9030117), (-9.011998, 49.03926, -3.7328918), (-17.67767, 46.193974, -7.322331), (-17.67767, 46.193974, -7.322331), (-9.011998, 49.03926, -3.7328918), (-8.110583, 49.03926, -5.4193187), (-15.909483, 46.193974, -10.630376), (-15.909483, 46.193974, -10.630376), (-8.110583, 49.03926, -5.4193187), (-6.8974843, 49.03926, -6.8974843), (-13.529902, 46.193974, -13.529902), (-13.529902, 46.193974, -13.529902), (-6.8974843, 49.03926, -6.8974843), (-5.4193187, 49.03926, -8.110583), (-10.630376, 46.193974, -15.909483), (-10.630376, 46.193974, -15.909483), (-5.4193187, 49.03926, -8.110583), (-3.7328918, 49.03926, -9.011998), (-7.322331, 46.193974, -17.67767), (-7.322331, 46.193974, -17.67767), (-3.7328918, 49.03926, -9.011998), (-1.9030117, 49.03926, -9.567085), (-3.7328918, 46.193974, -18.766514), (-3.7328918, 46.193974, -18.766514), (-1.9030117, 49.03926, -9.567085), (-1.7918755e-15, 49.03926, -9.754517), (-3.5148903e-15, 46.193974, -19.13417), (-3.5148903e-15, 46.193974, -19.13417), (-1.7918755e-15, 49.03926, -9.754517), (1.9030117, 49.03926, -9.567085), (3.7328918, 46.193974, -18.766514), (3.7328918, 46.193974, -18.766514), (1.9030117, 49.03926, -9.567085), (3.7328918, 49.03926, -9.011998), (7.322331, 46.193974, -17.67767), (7.322331, 46.193974, -17.67767), (3.7328918, 49.03926, -9.011998), (5.4193187, 49.03926, -8.110583), (10.630376, 46.193974, -15.909483), (10.630376, 46.193974, -15.909483), (5.4193187, 49.03926, -8.110583), (6.8974843, 49.03926, -6.8974843), (13.529902, 46.193974, -13.529902), (13.529902, 46.193974, -13.529902), (6.8974843, 49.03926, -6.8974843), (8.110583, 49.03926, -5.4193187), (15.909483, 46.193974, -10.630376), (15.909483, 46.193974, -10.630376), (8.110583, 49.03926, -5.4193187), (9.011998, 49.03926, -3.7328918), (17.67767, 46.193974, -7.322331), (17.67767, 46.193974, -7.322331), (9.011998, 49.03926, -3.7328918), (9.567085, 49.03926, -1.9030117), (18.766514, 46.193974, -3.7328918), (18.766514, 46.193974, -3.7328918), (9.567085, 49.03926, -1.9030117), (9.754517, 49.03926, 0), (19.13417, 46.193974, 0), (9.754517, 49.03926, 0), (0, 50, 0), (9.567085, 49.03926, 1.9030117), (9.567085, 49.03926, 1.9030117), (0, 50, 0), (9.011998, 49.03926, 3.7328918), (9.011998, 49.03926, 3.7328918), (0, 50, 0), (8.110583, 49.03926, 5.4193187), (8.110583, 49.03926, 5.4193187), (0, 50, 0), (6.8974843, 49.03926, 6.8974843), (6.8974843, 49.03926, 6.8974843), (0, 50, 0), (5.4193187, 49.03926, 8.110583), (5.4193187, 49.03926, 8.110583), (0, 50, 0), (3.7328918, 49.03926, 9.011998), (3.7328918, 49.03926, 9.011998), (0, 50, 0), (1.9030117, 49.03926, 9.567085), (1.9030117, 49.03926, 9.567085), (0, 50, 0), (5.9729185e-16, 49.03926, 9.754517), (5.9729185e-16, 49.03926, 9.754517), (0, 50, 0), (-1.9030117, 49.03926, 9.567085), (-1.9030117, 49.03926, 9.567085), (0, 50, 0), (-3.7328918, 49.03926, 9.011998), (-3.7328918, 49.03926, 9.011998), (0, 50, 0), (-5.4193187, 49.03926, 8.110583), (-5.4193187, 49.03926, 8.110583), (0, 50, 0), (-6.8974843, 49.03926, 6.8974843), (-6.8974843, 49.03926, 6.8974843), (0, 50, 0), (-8.110583, 49.03926, 5.4193187), (-8.110583, 49.03926, 5.4193187), (0, 50, 0), (-9.011998, 49.03926, 3.7328918), (-9.011998, 49.03926, 3.7328918), (0, 50, 0), (-9.567085, 49.03926, 1.9030117), (-9.567085, 49.03926, 1.9030117), (0, 50, 0), (-9.754517, 49.03926, 1.1945837e-15), (-9.754517, 49.03926, 1.1945837e-15), (0, 50, 0), (-9.567085, 49.03926, -1.9030117), (-9.567085, 49.03926, -1.9030117), (0, 50, 0), (-9.011998, 49.03926, -3.7328918), (-9.011998, 49.03926, -3.7328918), (0, 50, 0), (-8.110583, 49.03926, -5.4193187), (-8.110583, 49.03926, -5.4193187), (0, 50, 0), (-6.8974843, 49.03926, -6.8974843), (-6.8974843, 49.03926, -6.8974843), (0, 50, 0), (-5.4193187, 49.03926, -8.110583), (-5.4193187, 49.03926, -8.110583), (0, 50, 0), (-3.7328918, 49.03926, -9.011998), (-3.7328918, 49.03926, -9.011998), (0, 50, 0), (-1.9030117, 49.03926, -9.567085), (-1.9030117, 49.03926, -9.567085), (0, 50, 0), (-1.7918755e-15, 49.03926, -9.754517), (-1.7918755e-15, 49.03926, -9.754517), (0, 50, 0), (1.9030117, 49.03926, -9.567085), (1.9030117, 49.03926, -9.567085), (0, 50, 0), (3.7328918, 49.03926, -9.011998), (3.7328918, 49.03926, -9.011998), (0, 50, 0), (5.4193187, 49.03926, -8.110583), (5.4193187, 49.03926, -8.110583), (0, 50, 0), (6.8974843, 49.03926, -6.8974843), (6.8974843, 49.03926, -6.8974843), (0, 50, 0), (8.110583, 49.03926, -5.4193187), (8.110583, 49.03926, -5.4193187), (0, 50, 0), (9.011998, 49.03926, -3.7328918), (9.011998, 49.03926, -3.7328918), (0, 50, 0), (9.567085, 49.03926, -1.9030117), (9.567085, 49.03926, -1.9030117), (0, 50, 0), (9.754517, 49.03926, 0)] (
            interpolation = "faceVarying"
        )
        point3f[] points = [(0, -50, 0), (9.754517, -49.03926, 0), (9.567085, -49.03926, 1.9030117), (9.011998, -49.03926, 3.7328918), (8.110583, -49.03926, 5.4193187), (6.8974843, -49.03926, 6.8974843), (5.4193187, -49.03926, 8.110583), (3.7328918, -49.03926, 9.011998), (1.9030117, -49.03926, 9.567085), (5.9729185e-16, -49.03926, 9.754517), (-1.9030117, -49.03926, 9.567085), (-3.7328918, -49.03926, 9.011998), (-5.4193187, -49.03926, 8.110583), (-6.8974843, -49.03926, 6.8974843), (-8.110583, -49.03926, 5.4193187), (-9.011998, -49.03926, 3.7328918), (-9.567085, -49.03926, 1.9030117), (-9.754517, -49.03926, 1.1945837e-15), (-9.567085, -49.03926, -1.9030117), (-9.011998, -49.03926, -3.7328918), (-8.110583, -49.03926, -5.4193187), (-6.8974843, -49.03926, -6.8974843), (-5.4193187, -49.03926, -8.110583), (-3.7328918, -49.03926, -9.011998), (-1.9030117, -49.03926, -9.567085), (-1.7918755e-15, -49.03926, -9.754517), (1.9030117, -49.03926, -9.567085), (3.7328918, -49.03926, -9.011998), (5.4193187, -49.03926, -8.110583), (6.8974843, -49.03926, -6.8974843), (8.110583, -49.03926, -5.4193187), (9.011998, -49.03926, -3.7328918), (9.567085, -49.03926, -1.9030117), (19.13417, -46.193974, 0), (18.766514, -46.193974, 3.7328918), (17.67767, -46.193974, 7.322331), (15.909483, -46.193974, 10.630376), (13.529902, -46.193974, 13.529902), (10.630376, -46.193974, 15.909483), (7.322331, -46.193974, 17.67767), (3.7328918, -46.193974, 18.766514), (1.1716302e-15, -46.193974, 19.13417), (-3.7328918, -46.193974, 18.766514), (-7.322331, -46.193974, 17.67767), (-10.630376, -46.193974, 15.909483), (-13.529902, -46.193974, 13.529902), (-15.909483, -46.193974, 10.630376), (-17.67767, -46.193974, 7.322331), (-18.766514, -46.193974, 3.7328918), (-19.13417, -46.193974, 2.3432603e-15), (-18.766514, -46.193974, -3.7328918), (-17.67767, -46.193974, -7.322331), (-15.909483, -46.193974, -10.630376), (-13.529902, -46.193974, -13.529902), (-10.630376, -46.193974, -15.909483), (-7.322331, -46.193974, -17.67767), (-3.7328918, -46.193974, -18.766514), (-3.5148903e-15, -46.193974, -19.13417), (3.7328918, -46.193974, -18.766514), (7.322331, -46.193974, -17.67767), (10.630376, -46.193974, -15.909483), (13.529902, -46.193974, -13.529902), (15.909483, -46.193974, -10.630376), (17.67767, -46.193974, -7.322331), (18.766514, -46.193974, -3.7328918), (27.778513, -41.57348, 0), (27.244755, -41.57348, 5.4193187), (25.664, -41.57348, 10.630376), (23.096987, -41.57348, 15.432914), (19.642374, -41.57348, 19.642374), (15.432914, -41.57348, 23.096987), (10.630376, -41.57348, 25.664), (5.4193187, -41.57348, 27.244755), (1.7009433e-15, -41.57348, 27.778513), (-5.4193187, -41.57348, 27.244755), (-10.630376, -41.57348, 25.664), (-15.432914, -41.57348, 23.096987), (-19.642374, -41.57348, 19.642374), (-23.096987, -41.57348, 15.432914), (-25.664, -41.57348, 10.630376), (-27.244755, -41.57348, 5.4193187), (-27.778513, -41.57348, 3.4018865e-15), (-27.244755, -41.57348, -5.4193187), (-25.664, -41.57348, -10.630376), (-23.096987, -41.57348, -15.432914), (-19.642374, -41.57348, -19.642374), (-15.432914, -41.57348, -23.096987), (-10.630376, -41.57348, -25.664), (-5.4193187, -41.57348, -27.244755), (-5.1028297e-15, -41.57348, -27.778513), (5.4193187, -41.57348, -27.244755), (10.630376, -41.57348, -25.664), (15.432914, -41.57348, -23.096987), (19.642374, -41.57348, -19.642374), (23.096987, -41.57348, -15.432914), (25.664, -41.57348, -10.630376), (27.244755, -41.57348, -5.4193187), (35.35534, -35.35534, 0), (34.676, -35.35534, 6.8974843), (32.664074, -35.35534, 13.529902), (29.396889, -35.35534, 19.642374), (25, -35.35534, 25), (19.642374, -35.35534, 29.396889), (13.529902, -35.35534, 32.664074), (6.8974843, -35.35534, 34.676), (2.1648902e-15, -35.35534, 35.35534), (-6.8974843, -35.35534, 34.676), (-13.529902, -35.35534, 32.664074), (-19.642374, -35.35534, 29.396889), (-25, -35.35534, 25), (-29.396889, -35.35534, 19.642374), (-32.664074, -35.35534, 13.529902), (-34.676, -35.35534, 6.8974843), (-35.35534, -35.35534, 4.3297804e-15), (-34.676, -35.35534, -6.8974843), (-32.664074, -35.35534, -13.529902), (-29.396889, -35.35534, -19.642374), (-25, -35.35534, -25), (-19.642374, -35.35534, -29.396889), (-13.529902, -35.35534, -32.664074), (-6.8974843, -35.35534, -34.676), (-6.49467e-15, -35.35534, -35.35534), (6.8974843, -35.35534, -34.676), (13.529902, -35.35534, -32.664074), (19.642374, -35.35534, -29.396889), (25, -35.35534, -25), (29.396889, -35.35534, -19.642374), (32.664074, -35.35534, -13.529902), (34.676, -35.35534, -6.8974843), (41.57348, -27.778513, 0), (40.77466, -27.778513, 8.110583), (38.408886, -27.778513, 15.909483), (34.567085, -27.778513, 23.096987), (29.396889, -27.778513, 29.396889), (23.096987, -27.778513, 34.567085), (15.909483, -27.778513, 38.408886), (8.110583, -27.778513, 40.77466), (2.5456415e-15, -27.778513, 41.57348), (-8.110583, -27.778513, 40.77466), (-15.909483, -27.778513, 38.408886), (-23.096987, -27.778513, 34.567085), (-29.396889, -27.778513, 29.396889), (-34.567085, -27.778513, 23.096987), (-38.408886, -27.778513, 15.909483), (-40.77466, -27.778513, 8.110583), (-41.57348, -27.778513, 5.091283e-15), (-40.77466, -27.778513, -8.110583), (-38.408886, -27.778513, -15.909483), (-34.567085, -27.778513, -23.096987), (-29.396889, -27.778513, -29.396889), (-23.096987, -27.778513, -34.567085), (-15.909483, -27.778513, -38.408886), (-8.110583, -27.778513, -40.77466), (-7.6369244e-15, -27.778513, -41.57348), (8.110583, -27.778513, -40.77466), (15.909483, -27.778513, -38.408886), (23.096987, -27.778513, -34.567085), (29.396889, -27.778513, -29.396889), (34.567085, -27.778513, -23.096987), (38.408886, -27.778513, -15.909483), (40.77466, -27.778513, -8.110583), (46.193974, -19.13417, 0), (45.306374, -19.13417, 9.011998), (42.67767, -19.13417, 17.67767), (38.408886, -19.13417, 25.664), (32.664074, -19.13417, 32.664074), (25.664, -19.13417, 38.408886), (17.67767, -19.13417, 42.67767), (9.011998, -19.13417, 45.306374), (2.8285653e-15, -19.13417, 46.193974), (-9.011998, -19.13417, 45.306374), (-17.67767, -19.13417, 42.67767), (-25.664, -19.13417, 38.408886), (-32.664074, -19.13417, 32.664074), (-38.408886, -19.13417, 25.664), (-42.67767, -19.13417, 17.67767), (-45.306374, -19.13417, 9.011998), (-46.193974, -19.13417, 5.6571306e-15), (-45.306374, -19.13417, -9.011998), (-42.67767, -19.13417, -17.67767), (-38.408886, -19.13417, -25.664), (-32.664074, -19.13417, -32.664074), (-25.664, -19.13417, -38.408886), (-17.67767, -19.13417, -42.67767), (-9.011998, -19.13417, -45.306374), (-8.4856955e-15, -19.13417, -46.193974), (9.011998, -19.13417, -45.306374), (17.67767, -19.13417, -42.67767), (25.664, -19.13417, -38.408886), (32.664074, -19.13417, -32.664074), (38.408886, -19.13417, -25.664), (42.67767, -19.13417, -17.67767), (45.306374, -19.13417, -9.011998), (49.03926, -9.754517, 0), (48.09699, -9.754517, 9.567085), (45.306374, -9.754517, 18.766514), (40.77466, -9.754517, 27.244755), (34.676, -9.754517, 34.676), (27.244755, -9.754517, 40.77466), (18.766514, -9.754517, 45.306374), (9.567085, -9.754517, 48.09699), (3.002789e-15, -9.754517, 49.03926), (-9.567085, -9.754517, 48.09699), (-18.766514, -9.754517, 45.306374), (-27.244755, -9.754517, 40.77466), (-34.676, -9.754517, 34.676), (-40.77466, -9.754517, 27.244755), (-45.306374, -9.754517, 18.766514), (-48.09699, -9.754517, 9.567085), (-49.03926, -9.754517, 6.005578e-15), (-48.09699, -9.754517, -9.567085), (-45.306374, -9.754517, -18.766514), (-40.77466, -9.754517, -27.244755), (-34.676, -9.754517, -34.676), (-27.244755, -9.754517, -40.77466), (-18.766514, -9.754517, -45.306374), (-9.567085, -9.754517, -48.09699), (-9.0083665e-15, -9.754517, -49.03926), (9.567085, -9.754517, -48.09699), (18.766514, -9.754517, -45.306374), (27.244755, -9.754517, -40.77466), (34.676, -9.754517, -34.676), (40.77466, -9.754517, -27.244755), (45.306374, -9.754517, -18.766514), (48.09699, -9.754517, -9.567085), (50, 0, 0), (49.03926, 0, 9.754517), (46.193974, 0, 19.13417), (41.57348, 0, 27.778513), (35.35534, 0, 35.35534), (27.778513, 0, 41.57348), (19.13417, 0, 46.193974), (9.754517, 0, 49.03926), (3.061617e-15, 0, 50), (-9.754517, 0, 49.03926), (-19.13417, 0, 46.193974), (-27.778513, 0, 41.57348), (-35.35534, 0, 35.35534), (-41.57348, 0, 27.778513), (-46.193974, 0, 19.13417), (-49.03926, 0, 9.754517), (-50, 0, 6.123234e-15), (-49.03926, 0, -9.754517), (-46.193974, 0, -19.13417), (-41.57348, 0, -27.778513), (-35.35534, 0, -35.35534), (-27.778513, 0, -41.57348), (-19.13417, 0, -46.193974), (-9.754517, 0, -49.03926), (-9.184851e-15, 0, -50), (9.754517, 0, -49.03926), (19.13417, 0, -46.193974), (27.778513, 0, -41.57348), (35.35534, 0, -35.35534), (41.57348, 0, -27.778513), (46.193974, 0, -19.13417), (49.03926, 0, -9.754517), (49.03926, 9.754517, 0), (48.09699, 9.754517, 9.567085), (45.306374, 9.754517, 18.766514), (40.77466, 9.754517, 27.244755), (34.676, 9.754517, 34.676), (27.244755, 9.754517, 40.77466), (18.766514, 9.754517, 45.306374), (9.567085, 9.754517, 48.09699), (3.002789e-15, 9.754517, 49.03926), (-9.567085, 9.754517, 48.09699), (-18.766514, 9.754517, 45.306374), (-27.244755, 9.754517, 40.77466), (-34.676, 9.754517, 34.676), (-40.77466, 9.754517, 27.244755), (-45.306374, 9.754517, 18.766514), (-48.09699, 9.754517, 9.567085), (-49.03926, 9.754517, 6.005578e-15), (-48.09699, 9.754517, -9.567085), (-45.306374, 9.754517, -18.766514), (-40.77466, 9.754517, -27.244755), (-34.676, 9.754517, -34.676), (-27.244755, 9.754517, -40.77466), (-18.766514, 9.754517, -45.306374), (-9.567085, 9.754517, -48.09699), (-9.0083665e-15, 9.754517, -49.03926), (9.567085, 9.754517, -48.09699), (18.766514, 9.754517, -45.306374), (27.244755, 9.754517, -40.77466), (34.676, 9.754517, -34.676), (40.77466, 9.754517, -27.244755), (45.306374, 9.754517, -18.766514), (48.09699, 9.754517, -9.567085), (46.193974, 19.13417, 0), (45.306374, 19.13417, 9.011998), (42.67767, 19.13417, 17.67767), (38.408886, 19.13417, 25.664), (32.664074, 19.13417, 32.664074), (25.664, 19.13417, 38.408886), (17.67767, 19.13417, 42.67767), (9.011998, 19.13417, 45.306374), (2.8285653e-15, 19.13417, 46.193974), (-9.011998, 19.13417, 45.306374), (-17.67767, 19.13417, 42.67767), (-25.664, 19.13417, 38.408886), (-32.664074, 19.13417, 32.664074), (-38.408886, 19.13417, 25.664), (-42.67767, 19.13417, 17.67767), (-45.306374, 19.13417, 9.011998), (-46.193974, 19.13417, 5.6571306e-15), (-45.306374, 19.13417, -9.011998), (-42.67767, 19.13417, -17.67767), (-38.408886, 19.13417, -25.664), (-32.664074, 19.13417, -32.664074), (-25.664, 19.13417, -38.408886), (-17.67767, 19.13417, -42.67767), (-9.011998, 19.13417, -45.306374), (-8.4856955e-15, 19.13417, -46.193974), (9.011998, 19.13417, -45.306374), (17.67767, 19.13417, -42.67767), (25.664, 19.13417, -38.408886), (32.664074, 19.13417, -32.664074), (38.408886, 19.13417, -25.664), (42.67767, 19.13417, -17.67767), (45.306374, 19.13417, -9.011998), (41.57348, 27.778513, 0), (40.77466, 27.778513, 8.110583), (38.408886, 27.778513, 15.909483), (34.567085, 27.778513, 23.096987), (29.396889, 27.778513, 29.396889), (23.096987, 27.778513, 34.567085), (15.909483, 27.778513, 38.408886), (8.110583, 27.778513, 40.77466), (2.5456415e-15, 27.778513, 41.57348), (-8.110583, 27.778513, 40.77466), (-15.909483, 27.778513, 38.408886), (-23.096987, 27.778513, 34.567085), (-29.396889, 27.778513, 29.396889), (-34.567085, 27.778513, 23.096987), (-38.408886, 27.778513, 15.909483), (-40.77466, 27.778513, 8.110583), (-41.57348, 27.778513, 5.091283e-15), (-40.77466, 27.778513, -8.110583), (-38.408886, 27.778513, -15.909483), (-34.567085, 27.778513, -23.096987), (-29.396889, 27.778513, -29.396889), (-23.096987, 27.778513, -34.567085), (-15.909483, 27.778513, -38.408886), (-8.110583, 27.778513, -40.77466), (-7.6369244e-15, 27.778513, -41.57348), (8.110583, 27.778513, -40.77466), (15.909483, 27.778513, -38.408886), (23.096987, 27.778513, -34.567085), (29.396889, 27.778513, -29.396889), (34.567085, 27.778513, -23.096987), (38.408886, 27.778513, -15.909483), (40.77466, 27.778513, -8.110583), (35.35534, 35.35534, 0), (34.676, 35.35534, 6.8974843), (32.664074, 35.35534, 13.529902), (29.396889, 35.35534, 19.642374), (25, 35.35534, 25), (19.642374, 35.35534, 29.396889), (13.529902, 35.35534, 32.664074), (6.8974843, 35.35534, 34.676), (2.1648902e-15, 35.35534, 35.35534), (-6.8974843, 35.35534, 34.676), (-13.529902, 35.35534, 32.664074), (-19.642374, 35.35534, 29.396889), (-25, 35.35534, 25), (-29.396889, 35.35534, 19.642374), (-32.664074, 35.35534, 13.529902), (-34.676, 35.35534, 6.8974843), (-35.35534, 35.35534, 4.3297804e-15), (-34.676, 35.35534, -6.8974843), (-32.664074, 35.35534, -13.529902), (-29.396889, 35.35534, -19.642374), (-25, 35.35534, -25), (-19.642374, 35.35534, -29.396889), (-13.529902, 35.35534, -32.664074), (-6.8974843, 35.35534, -34.676), (-6.49467e-15, 35.35534, -35.35534), (6.8974843, 35.35534, -34.676), (13.529902, 35.35534, -32.664074), (19.642374, 35.35534, -29.396889), (25, 35.35534, -25), (29.396889, 35.35534, -19.642374), (32.664074, 35.35534, -13.529902), (34.676, 35.35534, -6.8974843), (27.778513, 41.57348, 0), (27.244755, 41.57348, 5.4193187), (25.664, 41.57348, 10.630376), (23.096987, 41.57348, 15.432914), (19.642374, 41.57348, 19.642374), (15.432914, 41.57348, 23.096987), (10.630376, 41.57348, 25.664), (5.4193187, 41.57348, 27.244755), (1.7009433e-15, 41.57348, 27.778513), (-5.4193187, 41.57348, 27.244755), (-10.630376, 41.57348, 25.664), (-15.432914, 41.57348, 23.096987), (-19.642374, 41.57348, 19.642374), (-23.096987, 41.57348, 15.432914), (-25.664, 41.57348, 10.630376), (-27.244755, 41.57348, 5.4193187), (-27.778513, 41.57348, 3.4018865e-15), (-27.244755, 41.57348, -5.4193187), (-25.664, 41.57348, -10.630376), (-23.096987, 41.57348, -15.432914), (-19.642374, 41.57348, -19.642374), (-15.432914, 41.57348, -23.096987), (-10.630376, 41.57348, -25.664), (-5.4193187, 41.57348, -27.244755), (-5.1028297e-15, 41.57348, -27.778513), (5.4193187, 41.57348, -27.244755), (10.630376, 41.57348, -25.664), (15.432914, 41.57348, -23.096987), (19.642374, 41.57348, -19.642374), (23.096987, 41.57348, -15.432914), (25.664, 41.57348, -10.630376), (27.244755, 41.57348, -5.4193187), (19.13417, 46.193974, 0), (18.766514, 46.193974, 3.7328918), (17.67767, 46.193974, 7.322331), (15.909483, 46.193974, 10.630376), (13.529902, 46.193974, 13.529902), (10.630376, 46.193974, 15.909483), (7.322331, 46.193974, 17.67767), (3.7328918, 46.193974, 18.766514), (1.1716302e-15, 46.193974, 19.13417), (-3.7328918, 46.193974, 18.766514), (-7.322331, 46.193974, 17.67767), (-10.630376, 46.193974, 15.909483), (-13.529902, 46.193974, 13.529902), (-15.909483, 46.193974, 10.630376), (-17.67767, 46.193974, 7.322331), (-18.766514, 46.193974, 3.7328918), (-19.13417, 46.193974, 2.3432603e-15), (-18.766514, 46.193974, -3.7328918), (-17.67767, 46.193974, -7.322331), (-15.909483, 46.193974, -10.630376), (-13.529902, 46.193974, -13.529902), (-10.630376, 46.193974, -15.909483), (-7.322331, 46.193974, -17.67767), (-3.7328918, 46.193974, -18.766514), (-3.5148903e-15, 46.193974, -19.13417), (3.7328918, 46.193974, -18.766514), (7.322331, 46.193974, -17.67767), (10.630376, 46.193974, -15.909483), (13.529902, 46.193974, -13.529902), (15.909483, 46.193974, -10.630376), (17.67767, 46.193974, -7.322331), (18.766514, 46.193974, -3.7328918), (9.754517, 49.03926, 0), (9.567085, 49.03926, 1.9030117), (9.011998, 49.03926, 3.7328918), (8.110583, 49.03926, 5.4193187), (6.8974843, 49.03926, 6.8974843), (5.4193187, 49.03926, 8.110583), (3.7328918, 49.03926, 9.011998), (1.9030117, 49.03926, 9.567085), (5.9729185e-16, 49.03926, 9.754517), (-1.9030117, 49.03926, 9.567085), (-3.7328918, 49.03926, 9.011998), (-5.4193187, 49.03926, 8.110583), (-6.8974843, 49.03926, 6.8974843), (-8.110583, 49.03926, 5.4193187), (-9.011998, 49.03926, 3.7328918), (-9.567085, 49.03926, 1.9030117), (-9.754517, 49.03926, 1.1945837e-15), (-9.567085, 49.03926, -1.9030117), (-9.011998, 49.03926, -3.7328918), (-8.110583, 49.03926, -5.4193187), (-6.8974843, 49.03926, -6.8974843), (-5.4193187, 49.03926, -8.110583), (-3.7328918, 49.03926, -9.011998), (-1.9030117, 49.03926, -9.567085), (-1.7918755e-15, 49.03926, -9.754517), (1.9030117, 49.03926, -9.567085), (3.7328918, 49.03926, -9.011998), (5.4193187, 49.03926, -8.110583), (6.8974843, 49.03926, -6.8974843), (8.110583, 49.03926, -5.4193187), (9.011998, 49.03926, -3.7328918), (9.567085, 49.03926, -1.9030117), (0, 50, 0)]
        texCoord2f[] primvars:st = [(1, 0), (1, 0.0625), (0.96875, 0.0625), (0.96875, 0), (0.96875, 0.0625), (0.9375, 0.0625), (0.9375, 0), (0.9375, 0.0625), (0.90625, 0.0625), (0.90625, 0), (0.90625, 0.0625), (0.875, 0.0625), (0.875, 0), (0.875, 0.0625), (0.84375, 0.0625), (0.84375, 0), (0.84375, 0.0625), (0.8125, 0.0625), (0.8125, 0), (0.8125, 0.0625), (0.78125, 0.0625), (0.78125, 0), (0.78125, 0.0625), (0.75, 0.0625), (0.75, 0), (0.75, 0.0625), (0.71875, 0.0625), (0.71875, 0), (0.71875, 0.0625), (0.6875, 0.0625), (0.6875, 0), (0.6875, 0.0625), (0.65625, 0.0625), (0.65625, 0), (0.65625, 0.0625), (0.625, 0.0625), (0.625, 0), (0.625, 0.0625), (0.59375, 0.0625), (0.59375, 0), (0.59375, 0.0625), (0.5625, 0.0625), (0.5625, 0), (0.5625, 0.0625), (0.53125, 0.0625), (0.53125, 0), (0.53125, 0.0625), (0.5, 0.0625), (0.5, 0), (0.5, 0.0625), (0.46875, 0.0625), (0.46875, 0), (0.46875, 0.0625), (0.4375, 0.0625), (0.4375, 0), (0.4375, 0.0625), (0.40625, 0.0625), (0.40625, 0), (0.40625, 0.0625), (0.375, 0.0625), (0.375, 0), (0.375, 0.0625), (0.34375, 0.0625), (0.34375, 0), (0.34375, 0.0625), (0.3125, 0.0625), (0.3125, 0), (0.3125, 0.0625), (0.28125, 0.0625), (0.28125, 0), (0.28125, 0.0625), (0.25, 0.0625), (0.25, 0), (0.25, 0.0625), (0.21875, 0.0625), (0.21875, 0), (0.21875, 0.0625), (0.1875, 0.0625), (0.1875, 0), (0.1875, 0.0625), (0.15625, 0.0625), (0.15625, 0), (0.15625, 0.0625), (0.125, 0.0625), (0.125, 0), (0.125, 0.0625), (0.09375, 0.0625), (0.09375, 0), (0.09375, 0.0625), (0.0625, 0.0625), (0.0625, 0), (0.0625, 0.0625), (0.03125, 0.0625), (0.03125, 0), (0.03125, 0.0625), (0, 0.0625), (1, 0.0625), (1, 0.125), (0.96875, 0.125), (0.96875, 0.0625), (0.96875, 0.0625), (0.96875, 0.125), (0.9375, 0.125), (0.9375, 0.0625), (0.9375, 0.0625), (0.9375, 0.125), (0.90625, 0.125), (0.90625, 0.0625), (0.90625, 0.0625), (0.90625, 0.125), (0.875, 0.125), (0.875, 0.0625), (0.875, 0.0625), (0.875, 0.125), (0.84375, 0.125), (0.84375, 0.0625), (0.84375, 0.0625), (0.84375, 0.125), (0.8125, 0.125), (0.8125, 0.0625), (0.8125, 0.0625), (0.8125, 0.125), (0.78125, 0.125), (0.78125, 0.0625), (0.78125, 0.0625), (0.78125, 0.125), (0.75, 0.125), (0.75, 0.0625), (0.75, 0.0625), (0.75, 0.125), (0.71875, 0.125), (0.71875, 0.0625), (0.71875, 0.0625), (0.71875, 0.125), (0.6875, 0.125), (0.6875, 0.0625), (0.6875, 0.0625), (0.6875, 0.125), (0.65625, 0.125), (0.65625, 0.0625), (0.65625, 0.0625), (0.65625, 0.125), (0.625, 0.125), (0.625, 0.0625), (0.625, 0.0625), (0.625, 0.125), (0.59375, 0.125), (0.59375, 0.0625), (0.59375, 0.0625), (0.59375, 0.125), (0.5625, 0.125), (0.5625, 0.0625), (0.5625, 0.0625), (0.5625, 0.125), (0.53125, 0.125), (0.53125, 0.0625), (0.53125, 0.0625), (0.53125, 0.125), (0.5, 0.125), (0.5, 0.0625), (0.5, 0.0625), (0.5, 0.125), (0.46875, 0.125), (0.46875, 0.0625), (0.46875, 0.0625), (0.46875, 0.125), (0.4375, 0.125), (0.4375, 0.0625), (0.4375, 0.0625), (0.4375, 0.125), (0.40625, 0.125), (0.40625, 0.0625), (0.40625, 0.0625), (0.40625, 0.125), (0.375, 0.125), (0.375, 0.0625), (0.375, 0.0625), (0.375, 0.125), (0.34375, 0.125), (0.34375, 0.0625), (0.34375, 0.0625), (0.34375, 0.125), (0.3125, 0.125), (0.3125, 0.0625), (0.3125, 0.0625), (0.3125, 0.125), (0.28125, 0.125), (0.28125, 0.0625), (0.28125, 0.0625), (0.28125, 0.125), (0.25, 0.125), (0.25, 0.0625), (0.25, 0.0625), (0.25, 0.125), (0.21875, 0.125), (0.21875, 0.0625), (0.21875, 0.0625), (0.21875, 0.125), (0.1875, 0.125), (0.1875, 0.0625), (0.1875, 0.0625), (0.1875, 0.125), (0.15625, 0.125), (0.15625, 0.0625), (0.15625, 0.0625), (0.15625, 0.125), (0.125, 0.125), (0.125, 0.0625), (0.125, 0.0625), (0.125, 0.125), (0.09375, 0.125), (0.09375, 0.0625), (0.09375, 0.0625), (0.09375, 0.125), (0.0625, 0.125), (0.0625, 0.0625), (0.0625, 0.0625), (0.0625, 0.125), (0.03125, 0.125), (0.03125, 0.0625), (0.03125, 0.0625), (0.03125, 0.125), (0, 0.125), (0, 0.0625), (1, 0.125), (1, 0.1875), (0.96875, 0.1875), (0.96875, 0.125), (0.96875, 0.125), (0.96875, 0.1875), (0.9375, 0.1875), (0.9375, 0.125), (0.9375, 0.125), (0.9375, 0.1875), (0.90625, 0.1875), (0.90625, 0.125), (0.90625, 0.125), (0.90625, 0.1875), (0.875, 0.1875), (0.875, 0.125), (0.875, 0.125), (0.875, 0.1875), (0.84375, 0.1875), (0.84375, 0.125), (0.84375, 0.125), (0.84375, 0.1875), (0.8125, 0.1875), (0.8125, 0.125), (0.8125, 0.125), (0.8125, 0.1875), (0.78125, 0.1875), (0.78125, 0.125), (0.78125, 0.125), (0.78125, 0.1875), (0.75, 0.1875), (0.75, 0.125), (0.75, 0.125), (0.75, 0.1875), (0.71875, 0.1875), (0.71875, 0.125), (0.71875, 0.125), (0.71875, 0.1875), (0.6875, 0.1875), (0.6875, 0.125), (0.6875, 0.125), (0.6875, 0.1875), (0.65625, 0.1875), (0.65625, 0.125), (0.65625, 0.125), (0.65625, 0.1875), (0.625, 0.1875), (0.625, 0.125), (0.625, 0.125), (0.625, 0.1875), (0.59375, 0.1875), (0.59375, 0.125), (0.59375, 0.125), (0.59375, 0.1875), (0.5625, 0.1875), (0.5625, 0.125), (0.5625, 0.125), (0.5625, 0.1875), (0.53125, 0.1875), (0.53125, 0.125), (0.53125, 0.125), (0.53125, 0.1875), (0.5, 0.1875), (0.5, 0.125), (0.5, 0.125), (0.5, 0.1875), (0.46875, 0.1875), (0.46875, 0.125), (0.46875, 0.125), (0.46875, 0.1875), (0.4375, 0.1875), (0.4375, 0.125), (0.4375, 0.125), (0.4375, 0.1875), (0.40625, 0.1875), (0.40625, 0.125), (0.40625, 0.125), (0.40625, 0.1875), (0.375, 0.1875), (0.375, 0.125), (0.375, 0.125), (0.375, 0.1875), (0.34375, 0.1875), (0.34375, 0.125), (0.34375, 0.125), (0.34375, 0.1875), (0.3125, 0.1875), (0.3125, 0.125), (0.3125, 0.125), (0.3125, 0.1875), (0.28125, 0.1875), (0.28125, 0.125), (0.28125, 0.125), (0.28125, 0.1875), (0.25, 0.1875), (0.25, 0.125), (0.25, 0.125), (0.25, 0.1875), (0.21875, 0.1875), (0.21875, 0.125), (0.21875, 0.125), (0.21875, 0.1875), (0.1875, 0.1875), (0.1875, 0.125), (0.1875, 0.125), (0.1875, 0.1875), (0.15625, 0.1875), (0.15625, 0.125), (0.15625, 0.125), (0.15625, 0.1875), (0.125, 0.1875), (0.125, 0.125), (0.125, 0.125), (0.125, 0.1875), (0.09375, 0.1875), (0.09375, 0.125), (0.09375, 0.125), (0.09375, 0.1875), (0.0625, 0.1875), (0.0625, 0.125), (0.0625, 0.125), (0.0625, 0.1875), (0.03125, 0.1875), (0.03125, 0.125), (0.03125, 0.125), (0.03125, 0.1875), (0, 0.1875), (0, 0.125), (1, 0.1875), (1, 0.25), (0.96875, 0.25), (0.96875, 0.1875), (0.96875, 0.1875), (0.96875, 0.25), (0.9375, 0.25), (0.9375, 0.1875), (0.9375, 0.1875), (0.9375, 0.25), (0.90625, 0.25), (0.90625, 0.1875), (0.90625, 0.1875), (0.90625, 0.25), (0.875, 0.25), (0.875, 0.1875), (0.875, 0.1875), (0.875, 0.25), (0.84375, 0.25), (0.84375, 0.1875), (0.84375, 0.1875), (0.84375, 0.25), (0.8125, 0.25), (0.8125, 0.1875), (0.8125, 0.1875), (0.8125, 0.25), (0.78125, 0.25), (0.78125, 0.1875), (0.78125, 0.1875), (0.78125, 0.25), (0.75, 0.25), (0.75, 0.1875), (0.75, 0.1875), (0.75, 0.25), (0.71875, 0.25), (0.71875, 0.1875), (0.71875, 0.1875), (0.71875, 0.25), (0.6875, 0.25), (0.6875, 0.1875), (0.6875, 0.1875), (0.6875, 0.25), (0.65625, 0.25), (0.65625, 0.1875), (0.65625, 0.1875), (0.65625, 0.25), (0.625, 0.25), (0.625, 0.1875), (0.625, 0.1875), (0.625, 0.25), (0.59375, 0.25), (0.59375, 0.1875), (0.59375, 0.1875), (0.59375, 0.25), (0.5625, 0.25), (0.5625, 0.1875), (0.5625, 0.1875), (0.5625, 0.25), (0.53125, 0.25), (0.53125, 0.1875), (0.53125, 0.1875), (0.53125, 0.25), (0.5, 0.25), (0.5, 0.1875), (0.5, 0.1875), (0.5, 0.25), (0.46875, 0.25), (0.46875, 0.1875), (0.46875, 0.1875), (0.46875, 0.25), (0.4375, 0.25), (0.4375, 0.1875), (0.4375, 0.1875), (0.4375, 0.25), (0.40625, 0.25), (0.40625, 0.1875), (0.40625, 0.1875), (0.40625, 0.25), (0.375, 0.25), (0.375, 0.1875), (0.375, 0.1875), (0.375, 0.25), (0.34375, 0.25), (0.34375, 0.1875), (0.34375, 0.1875), (0.34375, 0.25), (0.3125, 0.25), (0.3125, 0.1875), (0.3125, 0.1875), (0.3125, 0.25), (0.28125, 0.25), (0.28125, 0.1875), (0.28125, 0.1875), (0.28125, 0.25), (0.25, 0.25), (0.25, 0.1875), (0.25, 0.1875), (0.25, 0.25), (0.21875, 0.25), (0.21875, 0.1875), (0.21875, 0.1875), (0.21875, 0.25), (0.1875, 0.25), (0.1875, 0.1875), (0.1875, 0.1875), (0.1875, 0.25), (0.15625, 0.25), (0.15625, 0.1875), (0.15625, 0.1875), (0.15625, 0.25), (0.125, 0.25), (0.125, 0.1875), (0.125, 0.1875), (0.125, 0.25), (0.09375, 0.25), (0.09375, 0.1875), (0.09375, 0.1875), (0.09375, 0.25), (0.0625, 0.25), (0.0625, 0.1875), (0.0625, 0.1875), (0.0625, 0.25), (0.03125, 0.25), (0.03125, 0.1875), (0.03125, 0.1875), (0.03125, 0.25), (0, 0.25), (0, 0.1875), (1, 0.25), (1, 0.3125), (0.96875, 0.3125), (0.96875, 0.25), (0.96875, 0.25), (0.96875, 0.3125), (0.9375, 0.3125), (0.9375, 0.25), (0.9375, 0.25), (0.9375, 0.3125), (0.90625, 0.3125), (0.90625, 0.25), (0.90625, 0.25), (0.90625, 0.3125), (0.875, 0.3125), (0.875, 0.25), (0.875, 0.25), (0.875, 0.3125), (0.84375, 0.3125), (0.84375, 0.25), (0.84375, 0.25), (0.84375, 0.3125), (0.8125, 0.3125), (0.8125, 0.25), (0.8125, 0.25), (0.8125, 0.3125), (0.78125, 0.3125), (0.78125, 0.25), (0.78125, 0.25), (0.78125, 0.3125), (0.75, 0.3125), (0.75, 0.25), (0.75, 0.25), (0.75, 0.3125), (0.71875, 0.3125), (0.71875, 0.25), (0.71875, 0.25), (0.71875, 0.3125), (0.6875, 0.3125), (0.6875, 0.25), (0.6875, 0.25), (0.6875, 0.3125), (0.65625, 0.3125), (0.65625, 0.25), (0.65625, 0.25), (0.65625, 0.3125), (0.625, 0.3125), (0.625, 0.25), (0.625, 0.25), (0.625, 0.3125), (0.59375, 0.3125), (0.59375, 0.25), (0.59375, 0.25), (0.59375, 0.3125), (0.5625, 0.3125), (0.5625, 0.25), (0.5625, 0.25), (0.5625, 0.3125), (0.53125, 0.3125), (0.53125, 0.25), (0.53125, 0.25), (0.53125, 0.3125), (0.5, 0.3125), (0.5, 0.25), (0.5, 0.25), (0.5, 0.3125), (0.46875, 0.3125), (0.46875, 0.25), (0.46875, 0.25), (0.46875, 0.3125), (0.4375, 0.3125), (0.4375, 0.25), (0.4375, 0.25), (0.4375, 0.3125), (0.40625, 0.3125), (0.40625, 0.25), (0.40625, 0.25), (0.40625, 0.3125), (0.375, 0.3125), (0.375, 0.25), (0.375, 0.25), (0.375, 0.3125), (0.34375, 0.3125), (0.34375, 0.25), (0.34375, 0.25), (0.34375, 0.3125), (0.3125, 0.3125), (0.3125, 0.25), (0.3125, 0.25), (0.3125, 0.3125), (0.28125, 0.3125), (0.28125, 0.25), (0.28125, 0.25), (0.28125, 0.3125), (0.25, 0.3125), (0.25, 0.25), (0.25, 0.25), (0.25, 0.3125), (0.21875, 0.3125), (0.21875, 0.25), (0.21875, 0.25), (0.21875, 0.3125), (0.1875, 0.3125), (0.1875, 0.25), (0.1875, 0.25), (0.1875, 0.3125), (0.15625, 0.3125), (0.15625, 0.25), (0.15625, 0.25), (0.15625, 0.3125), (0.125, 0.3125), (0.125, 0.25), (0.125, 0.25), (0.125, 0.3125), (0.09375, 0.3125), (0.09375, 0.25), (0.09375, 0.25), (0.09375, 0.3125), (0.0625, 0.3125), (0.0625, 0.25), (0.0625, 0.25), (0.0625, 0.3125), (0.03125, 0.3125), (0.03125, 0.25), (0.03125, 0.25), (0.03125, 0.3125), (0, 0.3125), (0, 0.25), (1, 0.3125), (1, 0.375), (0.96875, 0.375), (0.96875, 0.3125), (0.96875, 0.3125), (0.96875, 0.375), (0.9375, 0.375), (0.9375, 0.3125), (0.9375, 0.3125), (0.9375, 0.375), (0.90625, 0.375), (0.90625, 0.3125), (0.90625, 0.3125), (0.90625, 0.375), (0.875, 0.375), (0.875, 0.3125), (0.875, 0.3125), (0.875, 0.375), (0.84375, 0.375), (0.84375, 0.3125), (0.84375, 0.3125), (0.84375, 0.375), (0.8125, 0.375), (0.8125, 0.3125), (0.8125, 0.3125), (0.8125, 0.375), (0.78125, 0.375), (0.78125, 0.3125), (0.78125, 0.3125), (0.78125, 0.375), (0.75, 0.375), (0.75, 0.3125), (0.75, 0.3125), (0.75, 0.375), (0.71875, 0.375), (0.71875, 0.3125), (0.71875, 0.3125), (0.71875, 0.375), (0.6875, 0.375), (0.6875, 0.3125), (0.6875, 0.3125), (0.6875, 0.375), (0.65625, 0.375), (0.65625, 0.3125), (0.65625, 0.3125), (0.65625, 0.375), (0.625, 0.375), (0.625, 0.3125), (0.625, 0.3125), (0.625, 0.375), (0.59375, 0.375), (0.59375, 0.3125), (0.59375, 0.3125), (0.59375, 0.375), (0.5625, 0.375), (0.5625, 0.3125), (0.5625, 0.3125), (0.5625, 0.375), (0.53125, 0.375), (0.53125, 0.3125), (0.53125, 0.3125), (0.53125, 0.375), (0.5, 0.375), (0.5, 0.3125), (0.5, 0.3125), (0.5, 0.375), (0.46875, 0.375), (0.46875, 0.3125), (0.46875, 0.3125), (0.46875, 0.375), (0.4375, 0.375), (0.4375, 0.3125), (0.4375, 0.3125), (0.4375, 0.375), (0.40625, 0.375), (0.40625, 0.3125), (0.40625, 0.3125), (0.40625, 0.375), (0.375, 0.375), (0.375, 0.3125), (0.375, 0.3125), (0.375, 0.375), (0.34375, 0.375), (0.34375, 0.3125), (0.34375, 0.3125), (0.34375, 0.375), (0.3125, 0.375), (0.3125, 0.3125), (0.3125, 0.3125), (0.3125, 0.375), (0.28125, 0.375), (0.28125, 0.3125), (0.28125, 0.3125), (0.28125, 0.375), (0.25, 0.375), (0.25, 0.3125), (0.25, 0.3125), (0.25, 0.375), (0.21875, 0.375), (0.21875, 0.3125), (0.21875, 0.3125), (0.21875, 0.375), (0.1875, 0.375), (0.1875, 0.3125), (0.1875, 0.3125), (0.1875, 0.375), (0.15625, 0.375), (0.15625, 0.3125), (0.15625, 0.3125), (0.15625, 0.375), (0.125, 0.375), (0.125, 0.3125), (0.125, 0.3125), (0.125, 0.375), (0.09375, 0.375), (0.09375, 0.3125), (0.09375, 0.3125), (0.09375, 0.375), (0.0625, 0.375), (0.0625, 0.3125), (0.0625, 0.3125), (0.0625, 0.375), (0.03125, 0.375), (0.03125, 0.3125), (0.03125, 0.3125), (0.03125, 0.375), (0, 0.375), (0, 0.3125), (1, 0.375), (1, 0.4375), (0.96875, 0.4375), (0.96875, 0.375), (0.96875, 0.375), (0.96875, 0.4375), (0.9375, 0.4375), (0.9375, 0.375), (0.9375, 0.375), (0.9375, 0.4375), (0.90625, 0.4375), (0.90625, 0.375), (0.90625, 0.375), (0.90625, 0.4375), (0.875, 0.4375), (0.875, 0.375), (0.875, 0.375), (0.875, 0.4375), (0.84375, 0.4375), (0.84375, 0.375), (0.84375, 0.375), (0.84375, 0.4375), (0.8125, 0.4375), (0.8125, 0.375), (0.8125, 0.375), (0.8125, 0.4375), (0.78125, 0.4375), (0.78125, 0.375), (0.78125, 0.375), (0.78125, 0.4375), (0.75, 0.4375), (0.75, 0.375), (0.75, 0.375), (0.75, 0.4375), (0.71875, 0.4375), (0.71875, 0.375), (0.71875, 0.375), (0.71875, 0.4375), (0.6875, 0.4375), (0.6875, 0.375), (0.6875, 0.375), (0.6875, 0.4375), (0.65625, 0.4375), (0.65625, 0.375), (0.65625, 0.375), (0.65625, 0.4375), (0.625, 0.4375), (0.625, 0.375), (0.625, 0.375), (0.625, 0.4375), (0.59375, 0.4375), (0.59375, 0.375), (0.59375, 0.375), (0.59375, 0.4375), (0.5625, 0.4375), (0.5625, 0.375), (0.5625, 0.375), (0.5625, 0.4375), (0.53125, 0.4375), (0.53125, 0.375), (0.53125, 0.375), (0.53125, 0.4375), (0.5, 0.4375), (0.5, 0.375), (0.5, 0.375), (0.5, 0.4375), (0.46875, 0.4375), (0.46875, 0.375), (0.46875, 0.375), (0.46875, 0.4375), (0.4375, 0.4375), (0.4375, 0.375), (0.4375, 0.375), (0.4375, 0.4375), (0.40625, 0.4375), (0.40625, 0.375), (0.40625, 0.375), (0.40625, 0.4375), (0.375, 0.4375), (0.375, 0.375), (0.375, 0.375), (0.375, 0.4375), (0.34375, 0.4375), (0.34375, 0.375), (0.34375, 0.375), (0.34375, 0.4375), (0.3125, 0.4375), (0.3125, 0.375), (0.3125, 0.375), (0.3125, 0.4375), (0.28125, 0.4375), (0.28125, 0.375), (0.28125, 0.375), (0.28125, 0.4375), (0.25, 0.4375), (0.25, 0.375), (0.25, 0.375), (0.25, 0.4375), (0.21875, 0.4375), (0.21875, 0.375), (0.21875, 0.375), (0.21875, 0.4375), (0.1875, 0.4375), (0.1875, 0.375), (0.1875, 0.375), (0.1875, 0.4375), (0.15625, 0.4375), (0.15625, 0.375), (0.15625, 0.375), (0.15625, 0.4375), (0.125, 0.4375), (0.125, 0.375), (0.125, 0.375), (0.125, 0.4375), (0.09375, 0.4375), (0.09375, 0.375), (0.09375, 0.375), (0.09375, 0.4375), (0.0625, 0.4375), (0.0625, 0.375), (0.0625, 0.375), (0.0625, 0.4375), (0.03125, 0.4375), (0.03125, 0.375), (0.03125, 0.375), (0.03125, 0.4375), (0, 0.4375), (0, 0.375), (1, 0.4375), (1, 0.5), (0.96875, 0.5), (0.96875, 0.4375), (0.96875, 0.4375), (0.96875, 0.5), (0.9375, 0.5), (0.9375, 0.4375), (0.9375, 0.4375), (0.9375, 0.5), (0.90625, 0.5), (0.90625, 0.4375), (0.90625, 0.4375), (0.90625, 0.5), (0.875, 0.5), (0.875, 0.4375), (0.875, 0.4375), (0.875, 0.5), (0.84375, 0.5), (0.84375, 0.4375), (0.84375, 0.4375), (0.84375, 0.5), (0.8125, 0.5), (0.8125, 0.4375), (0.8125, 0.4375), (0.8125, 0.5), (0.78125, 0.5), (0.78125, 0.4375), (0.78125, 0.4375), (0.78125, 0.5), (0.75, 0.5), (0.75, 0.4375), (0.75, 0.4375), (0.75, 0.5), (0.71875, 0.5), (0.71875, 0.4375), (0.71875, 0.4375), (0.71875, 0.5), (0.6875, 0.5), (0.6875, 0.4375), (0.6875, 0.4375), (0.6875, 0.5), (0.65625, 0.5), (0.65625, 0.4375), (0.65625, 0.4375), (0.65625, 0.5), (0.625, 0.5), (0.625, 0.4375), (0.625, 0.4375), (0.625, 0.5), (0.59375, 0.5), (0.59375, 0.4375), (0.59375, 0.4375), (0.59375, 0.5), (0.5625, 0.5), (0.5625, 0.4375), (0.5625, 0.4375), (0.5625, 0.5), (0.53125, 0.5), (0.53125, 0.4375), (0.53125, 0.4375), (0.53125, 0.5), (0.5, 0.5), (0.5, 0.4375), (0.5, 0.4375), (0.5, 0.5), (0.46875, 0.5), (0.46875, 0.4375), (0.46875, 0.4375), (0.46875, 0.5), (0.4375, 0.5), (0.4375, 0.4375), (0.4375, 0.4375), (0.4375, 0.5), (0.40625, 0.5), (0.40625, 0.4375), (0.40625, 0.4375), (0.40625, 0.5), (0.375, 0.5), (0.375, 0.4375), (0.375, 0.4375), (0.375, 0.5), (0.34375, 0.5), (0.34375, 0.4375), (0.34375, 0.4375), (0.34375, 0.5), (0.3125, 0.5), (0.3125, 0.4375), (0.3125, 0.4375), (0.3125, 0.5), (0.28125, 0.5), (0.28125, 0.4375), (0.28125, 0.4375), (0.28125, 0.5), (0.25, 0.5), (0.25, 0.4375), (0.25, 0.4375), (0.25, 0.5), (0.21875, 0.5), (0.21875, 0.4375), (0.21875, 0.4375), (0.21875, 0.5), (0.1875, 0.5), (0.1875, 0.4375), (0.1875, 0.4375), (0.1875, 0.5), (0.15625, 0.5), (0.15625, 0.4375), (0.15625, 0.4375), (0.15625, 0.5), (0.125, 0.5), (0.125, 0.4375), (0.125, 0.4375), (0.125, 0.5), (0.09375, 0.5), (0.09375, 0.4375), (0.09375, 0.4375), (0.09375, 0.5), (0.0625, 0.5), (0.0625, 0.4375), (0.0625, 0.4375), (0.0625, 0.5), (0.03125, 0.5), (0.03125, 0.4375), (0.03125, 0.4375), (0.03125, 0.5), (0, 0.5), (0, 0.4375), (1, 0.5), (1, 0.5625), (0.96875, 0.5625), (0.96875, 0.5), (0.96875, 0.5), (0.96875, 0.5625), (0.9375, 0.5625), (0.9375, 0.5), (0.9375, 0.5), (0.9375, 0.5625), (0.90625, 0.5625), (0.90625, 0.5), (0.90625, 0.5), (0.90625, 0.5625), (0.875, 0.5625), (0.875, 0.5), (0.875, 0.5), (0.875, 0.5625), (0.84375, 0.5625), (0.84375, 0.5), (0.84375, 0.5), (0.84375, 0.5625), (0.8125, 0.5625), (0.8125, 0.5), (0.8125, 0.5), (0.8125, 0.5625), (0.78125, 0.5625), (0.78125, 0.5), (0.78125, 0.5), (0.78125, 0.5625), (0.75, 0.5625), (0.75, 0.5), (0.75, 0.5), (0.75, 0.5625), (0.71875, 0.5625), (0.71875, 0.5), (0.71875, 0.5), (0.71875, 0.5625), (0.6875, 0.5625), (0.6875, 0.5), (0.6875, 0.5), (0.6875, 0.5625), (0.65625, 0.5625), (0.65625, 0.5), (0.65625, 0.5), (0.65625, 0.5625), (0.625, 0.5625), (0.625, 0.5), (0.625, 0.5), (0.625, 0.5625), (0.59375, 0.5625), (0.59375, 0.5), (0.59375, 0.5), (0.59375, 0.5625), (0.5625, 0.5625), (0.5625, 0.5), (0.5625, 0.5), (0.5625, 0.5625), (0.53125, 0.5625), (0.53125, 0.5), (0.53125, 0.5), (0.53125, 0.5625), (0.5, 0.5625), (0.5, 0.5), (0.5, 0.5), (0.5, 0.5625), (0.46875, 0.5625), (0.46875, 0.5), (0.46875, 0.5), (0.46875, 0.5625), (0.4375, 0.5625), (0.4375, 0.5), (0.4375, 0.5), (0.4375, 0.5625), (0.40625, 0.5625), (0.40625, 0.5), (0.40625, 0.5), (0.40625, 0.5625), (0.375, 0.5625), (0.375, 0.5), (0.375, 0.5), (0.375, 0.5625), (0.34375, 0.5625), (0.34375, 0.5), (0.34375, 0.5), (0.34375, 0.5625), (0.3125, 0.5625), (0.3125, 0.5), (0.3125, 0.5), (0.3125, 0.5625), (0.28125, 0.5625), (0.28125, 0.5), (0.28125, 0.5), (0.28125, 0.5625), (0.25, 0.5625), (0.25, 0.5), (0.25, 0.5), (0.25, 0.5625), (0.21875, 0.5625), (0.21875, 0.5), (0.21875, 0.5), (0.21875, 0.5625), (0.1875, 0.5625), (0.1875, 0.5), (0.1875, 0.5), (0.1875, 0.5625), (0.15625, 0.5625), (0.15625, 0.5), (0.15625, 0.5), (0.15625, 0.5625), (0.125, 0.5625), (0.125, 0.5), (0.125, 0.5), (0.125, 0.5625), (0.09375, 0.5625), (0.09375, 0.5), (0.09375, 0.5), (0.09375, 0.5625), (0.0625, 0.5625), (0.0625, 0.5), (0.0625, 0.5), (0.0625, 0.5625), (0.03125, 0.5625), (0.03125, 0.5), (0.03125, 0.5), (0.03125, 0.5625), (0, 0.5625), (0, 0.5), (1, 0.5625), (1, 0.625), (0.96875, 0.625), (0.96875, 0.5625), (0.96875, 0.5625), (0.96875, 0.625), (0.9375, 0.625), (0.9375, 0.5625), (0.9375, 0.5625), (0.9375, 0.625), (0.90625, 0.625), (0.90625, 0.5625), (0.90625, 0.5625), (0.90625, 0.625), (0.875, 0.625), (0.875, 0.5625), (0.875, 0.5625), (0.875, 0.625), (0.84375, 0.625), (0.84375, 0.5625), (0.84375, 0.5625), (0.84375, 0.625), (0.8125, 0.625), (0.8125, 0.5625), (0.8125, 0.5625), (0.8125, 0.625), (0.78125, 0.625), (0.78125, 0.5625), (0.78125, 0.5625), (0.78125, 0.625), (0.75, 0.625), (0.75, 0.5625), (0.75, 0.5625), (0.75, 0.625), (0.71875, 0.625), (0.71875, 0.5625), (0.71875, 0.5625), (0.71875, 0.625), (0.6875, 0.625), (0.6875, 0.5625), (0.6875, 0.5625), (0.6875, 0.625), (0.65625, 0.625), (0.65625, 0.5625), (0.65625, 0.5625), (0.65625, 0.625), (0.625, 0.625), (0.625, 0.5625), (0.625, 0.5625), (0.625, 0.625), (0.59375, 0.625), (0.59375, 0.5625), (0.59375, 0.5625), (0.59375, 0.625), (0.5625, 0.625), (0.5625, 0.5625), (0.5625, 0.5625), (0.5625, 0.625), (0.53125, 0.625), (0.53125, 0.5625), (0.53125, 0.5625), (0.53125, 0.625), (0.5, 0.625), (0.5, 0.5625), (0.5, 0.5625), (0.5, 0.625), (0.46875, 0.625), (0.46875, 0.5625), (0.46875, 0.5625), (0.46875, 0.625), (0.4375, 0.625), (0.4375, 0.5625), (0.4375, 0.5625), (0.4375, 0.625), (0.40625, 0.625), (0.40625, 0.5625), (0.40625, 0.5625), (0.40625, 0.625), (0.375, 0.625), (0.375, 0.5625), (0.375, 0.5625), (0.375, 0.625), (0.34375, 0.625), (0.34375, 0.5625), (0.34375, 0.5625), (0.34375, 0.625), (0.3125, 0.625), (0.3125, 0.5625), (0.3125, 0.5625), (0.3125, 0.625), (0.28125, 0.625), (0.28125, 0.5625), (0.28125, 0.5625), (0.28125, 0.625), (0.25, 0.625), (0.25, 0.5625), (0.25, 0.5625), (0.25, 0.625), (0.21875, 0.625), (0.21875, 0.5625), (0.21875, 0.5625), (0.21875, 0.625), (0.1875, 0.625), (0.1875, 0.5625), (0.1875, 0.5625), (0.1875, 0.625), (0.15625, 0.625), (0.15625, 0.5625), (0.15625, 0.5625), (0.15625, 0.625), (0.125, 0.625), (0.125, 0.5625), (0.125, 0.5625), (0.125, 0.625), (0.09375, 0.625), (0.09375, 0.5625), (0.09375, 0.5625), (0.09375, 0.625), (0.0625, 0.625), (0.0625, 0.5625), (0.0625, 0.5625), (0.0625, 0.625), (0.03125, 0.625), (0.03125, 0.5625), (0.03125, 0.5625), (0.03125, 0.625), (0, 0.625), (0, 0.5625), (1, 0.625), (1, 0.6875), (0.96875, 0.6875), (0.96875, 0.625), (0.96875, 0.625), (0.96875, 0.6875), (0.9375, 0.6875), (0.9375, 0.625), (0.9375, 0.625), (0.9375, 0.6875), (0.90625, 0.6875), (0.90625, 0.625), (0.90625, 0.625), (0.90625, 0.6875), (0.875, 0.6875), (0.875, 0.625), (0.875, 0.625), (0.875, 0.6875), (0.84375, 0.6875), (0.84375, 0.625), (0.84375, 0.625), (0.84375, 0.6875), (0.8125, 0.6875), (0.8125, 0.625), (0.8125, 0.625), (0.8125, 0.6875), (0.78125, 0.6875), (0.78125, 0.625), (0.78125, 0.625), (0.78125, 0.6875), (0.75, 0.6875), (0.75, 0.625), (0.75, 0.625), (0.75, 0.6875), (0.71875, 0.6875), (0.71875, 0.625), (0.71875, 0.625), (0.71875, 0.6875), (0.6875, 0.6875), (0.6875, 0.625), (0.6875, 0.625), (0.6875, 0.6875), (0.65625, 0.6875), (0.65625, 0.625), (0.65625, 0.625), (0.65625, 0.6875), (0.625, 0.6875), (0.625, 0.625), (0.625, 0.625), (0.625, 0.6875), (0.59375, 0.6875), (0.59375, 0.625), (0.59375, 0.625), (0.59375, 0.6875), (0.5625, 0.6875), (0.5625, 0.625), (0.5625, 0.625), (0.5625, 0.6875), (0.53125, 0.6875), (0.53125, 0.625), (0.53125, 0.625), (0.53125, 0.6875), (0.5, 0.6875), (0.5, 0.625), (0.5, 0.625), (0.5, 0.6875), (0.46875, 0.6875), (0.46875, 0.625), (0.46875, 0.625), (0.46875, 0.6875), (0.4375, 0.6875), (0.4375, 0.625), (0.4375, 0.625), (0.4375, 0.6875), (0.40625, 0.6875), (0.40625, 0.625), (0.40625, 0.625), (0.40625, 0.6875), (0.375, 0.6875), (0.375, 0.625), (0.375, 0.625), (0.375, 0.6875), (0.34375, 0.6875), (0.34375, 0.625), (0.34375, 0.625), (0.34375, 0.6875), (0.3125, 0.6875), (0.3125, 0.625), (0.3125, 0.625), (0.3125, 0.6875), (0.28125, 0.6875), (0.28125, 0.625), (0.28125, 0.625), (0.28125, 0.6875), (0.25, 0.6875), (0.25, 0.625), (0.25, 0.625), (0.25, 0.6875), (0.21875, 0.6875), (0.21875, 0.625), (0.21875, 0.625), (0.21875, 0.6875), (0.1875, 0.6875), (0.1875, 0.625), (0.1875, 0.625), (0.1875, 0.6875), (0.15625, 0.6875), (0.15625, 0.625), (0.15625, 0.625), (0.15625, 0.6875), (0.125, 0.6875), (0.125, 0.625), (0.125, 0.625), (0.125, 0.6875), (0.09375, 0.6875), (0.09375, 0.625), (0.09375, 0.625), (0.09375, 0.6875), (0.0625, 0.6875), (0.0625, 0.625), (0.0625, 0.625), (0.0625, 0.6875), (0.03125, 0.6875), (0.03125, 0.625), (0.03125, 0.625), (0.03125, 0.6875), (0, 0.6875), (0, 0.625), (1, 0.6875), (1, 0.75), (0.96875, 0.75), (0.96875, 0.6875), (0.96875, 0.6875), (0.96875, 0.75), (0.9375, 0.75), (0.9375, 0.6875), (0.9375, 0.6875), (0.9375, 0.75), (0.90625, 0.75), (0.90625, 0.6875), (0.90625, 0.6875), (0.90625, 0.75), (0.875, 0.75), (0.875, 0.6875), (0.875, 0.6875), (0.875, 0.75), (0.84375, 0.75), (0.84375, 0.6875), (0.84375, 0.6875), (0.84375, 0.75), (0.8125, 0.75), (0.8125, 0.6875), (0.8125, 0.6875), (0.8125, 0.75), (0.78125, 0.75), (0.78125, 0.6875), (0.78125, 0.6875), (0.78125, 0.75), (0.75, 0.75), (0.75, 0.6875), (0.75, 0.6875), (0.75, 0.75), (0.71875, 0.75), (0.71875, 0.6875), (0.71875, 0.6875), (0.71875, 0.75), (0.6875, 0.75), (0.6875, 0.6875), (0.6875, 0.6875), (0.6875, 0.75), (0.65625, 0.75), (0.65625, 0.6875), (0.65625, 0.6875), (0.65625, 0.75), (0.625, 0.75), (0.625, 0.6875), (0.625, 0.6875), (0.625, 0.75), (0.59375, 0.75), (0.59375, 0.6875), (0.59375, 0.6875), (0.59375, 0.75), (0.5625, 0.75), (0.5625, 0.6875), (0.5625, 0.6875), (0.5625, 0.75), (0.53125, 0.75), (0.53125, 0.6875), (0.53125, 0.6875), (0.53125, 0.75), (0.5, 0.75), (0.5, 0.6875), (0.5, 0.6875), (0.5, 0.75), (0.46875, 0.75), (0.46875, 0.6875), (0.46875, 0.6875), (0.46875, 0.75), (0.4375, 0.75), (0.4375, 0.6875), (0.4375, 0.6875), (0.4375, 0.75), (0.40625, 0.75), (0.40625, 0.6875), (0.40625, 0.6875), (0.40625, 0.75), (0.375, 0.75), (0.375, 0.6875), (0.375, 0.6875), (0.375, 0.75), (0.34375, 0.75), (0.34375, 0.6875), (0.34375, 0.6875), (0.34375, 0.75), (0.3125, 0.75), (0.3125, 0.6875), (0.3125, 0.6875), (0.3125, 0.75), (0.28125, 0.75), (0.28125, 0.6875), (0.28125, 0.6875), (0.28125, 0.75), (0.25, 0.75), (0.25, 0.6875), (0.25, 0.6875), (0.25, 0.75), (0.21875, 0.75), (0.21875, 0.6875), (0.21875, 0.6875), (0.21875, 0.75), (0.1875, 0.75), (0.1875, 0.6875), (0.1875, 0.6875), (0.1875, 0.75), (0.15625, 0.75), (0.15625, 0.6875), (0.15625, 0.6875), (0.15625, 0.75), (0.125, 0.75), (0.125, 0.6875), (0.125, 0.6875), (0.125, 0.75), (0.09375, 0.75), (0.09375, 0.6875), (0.09375, 0.6875), (0.09375, 0.75), (0.0625, 0.75), (0.0625, 0.6875), (0.0625, 0.6875), (0.0625, 0.75), (0.03125, 0.75), (0.03125, 0.6875), (0.03125, 0.6875), (0.03125, 0.75), (0, 0.75), (0, 0.6875), (1, 0.75), (1, 0.8125), (0.96875, 0.8125), (0.96875, 0.75), (0.96875, 0.75), (0.96875, 0.8125), (0.9375, 0.8125), (0.9375, 0.75), (0.9375, 0.75), (0.9375, 0.8125), (0.90625, 0.8125), (0.90625, 0.75), (0.90625, 0.75), (0.90625, 0.8125), (0.875, 0.8125), (0.875, 0.75), (0.875, 0.75), (0.875, 0.8125), (0.84375, 0.8125), (0.84375, 0.75), (0.84375, 0.75), (0.84375, 0.8125), (0.8125, 0.8125), (0.8125, 0.75), (0.8125, 0.75), (0.8125, 0.8125), (0.78125, 0.8125), (0.78125, 0.75), (0.78125, 0.75), (0.78125, 0.8125), (0.75, 0.8125), (0.75, 0.75), (0.75, 0.75), (0.75, 0.8125), (0.71875, 0.8125), (0.71875, 0.75), (0.71875, 0.75), (0.71875, 0.8125), (0.6875, 0.8125), (0.6875, 0.75), (0.6875, 0.75), (0.6875, 0.8125), (0.65625, 0.8125), (0.65625, 0.75), (0.65625, 0.75), (0.65625, 0.8125), (0.625, 0.8125), (0.625, 0.75), (0.625, 0.75), (0.625, 0.8125), (0.59375, 0.8125), (0.59375, 0.75), (0.59375, 0.75), (0.59375, 0.8125), (0.5625, 0.8125), (0.5625, 0.75), (0.5625, 0.75), (0.5625, 0.8125), (0.53125, 0.8125), (0.53125, 0.75), (0.53125, 0.75), (0.53125, 0.8125), (0.5, 0.8125), (0.5, 0.75), (0.5, 0.75), (0.5, 0.8125), (0.46875, 0.8125), (0.46875, 0.75), (0.46875, 0.75), (0.46875, 0.8125), (0.4375, 0.8125), (0.4375, 0.75), (0.4375, 0.75), (0.4375, 0.8125), (0.40625, 0.8125), (0.40625, 0.75), (0.40625, 0.75), (0.40625, 0.8125), (0.375, 0.8125), (0.375, 0.75), (0.375, 0.75), (0.375, 0.8125), (0.34375, 0.8125), (0.34375, 0.75), (0.34375, 0.75), (0.34375, 0.8125), (0.3125, 0.8125), (0.3125, 0.75), (0.3125, 0.75), (0.3125, 0.8125), (0.28125, 0.8125), (0.28125, 0.75), (0.28125, 0.75), (0.28125, 0.8125), (0.25, 0.8125), (0.25, 0.75), (0.25, 0.75), (0.25, 0.8125), (0.21875, 0.8125), (0.21875, 0.75), (0.21875, 0.75), (0.21875, 0.8125), (0.1875, 0.8125), (0.1875, 0.75), (0.1875, 0.75), (0.1875, 0.8125), (0.15625, 0.8125), (0.15625, 0.75), (0.15625, 0.75), (0.15625, 0.8125), (0.125, 0.8125), (0.125, 0.75), (0.125, 0.75), (0.125, 0.8125), (0.09375, 0.8125), (0.09375, 0.75), (0.09375, 0.75), (0.09375, 0.8125), (0.0625, 0.8125), (0.0625, 0.75), (0.0625, 0.75), (0.0625, 0.8125), (0.03125, 0.8125), (0.03125, 0.75), (0.03125, 0.75), (0.03125, 0.8125), (0, 0.8125), (0, 0.75), (1, 0.8125), (1, 0.875), (0.96875, 0.875), (0.96875, 0.8125), (0.96875, 0.8125), (0.96875, 0.875), (0.9375, 0.875), (0.9375, 0.8125), (0.9375, 0.8125), (0.9375, 0.875), (0.90625, 0.875), (0.90625, 0.8125), (0.90625, 0.8125), (0.90625, 0.875), (0.875, 0.875), (0.875, 0.8125), (0.875, 0.8125), (0.875, 0.875), (0.84375, 0.875), (0.84375, 0.8125), (0.84375, 0.8125), (0.84375, 0.875), (0.8125, 0.875), (0.8125, 0.8125), (0.8125, 0.8125), (0.8125, 0.875), (0.78125, 0.875), (0.78125, 0.8125), (0.78125, 0.8125), (0.78125, 0.875), (0.75, 0.875), (0.75, 0.8125), (0.75, 0.8125), (0.75, 0.875), (0.71875, 0.875), (0.71875, 0.8125), (0.71875, 0.8125), (0.71875, 0.875), (0.6875, 0.875), (0.6875, 0.8125), (0.6875, 0.8125), (0.6875, 0.875), (0.65625, 0.875), (0.65625, 0.8125), (0.65625, 0.8125), (0.65625, 0.875), (0.625, 0.875), (0.625, 0.8125), (0.625, 0.8125), (0.625, 0.875), (0.59375, 0.875), (0.59375, 0.8125), (0.59375, 0.8125), (0.59375, 0.875), (0.5625, 0.875), (0.5625, 0.8125), (0.5625, 0.8125), (0.5625, 0.875), (0.53125, 0.875), (0.53125, 0.8125), (0.53125, 0.8125), (0.53125, 0.875), (0.5, 0.875), (0.5, 0.8125), (0.5, 0.8125), (0.5, 0.875), (0.46875, 0.875), (0.46875, 0.8125), (0.46875, 0.8125), (0.46875, 0.875), (0.4375, 0.875), (0.4375, 0.8125), (0.4375, 0.8125), (0.4375, 0.875), (0.40625, 0.875), (0.40625, 0.8125), (0.40625, 0.8125), (0.40625, 0.875), (0.375, 0.875), (0.375, 0.8125), (0.375, 0.8125), (0.375, 0.875), (0.34375, 0.875), (0.34375, 0.8125), (0.34375, 0.8125), (0.34375, 0.875), (0.3125, 0.875), (0.3125, 0.8125), (0.3125, 0.8125), (0.3125, 0.875), (0.28125, 0.875), (0.28125, 0.8125), (0.28125, 0.8125), (0.28125, 0.875), (0.25, 0.875), (0.25, 0.8125), (0.25, 0.8125), (0.25, 0.875), (0.21875, 0.875), (0.21875, 0.8125), (0.21875, 0.8125), (0.21875, 0.875), (0.1875, 0.875), (0.1875, 0.8125), (0.1875, 0.8125), (0.1875, 0.875), (0.15625, 0.875), (0.15625, 0.8125), (0.15625, 0.8125), (0.15625, 0.875), (0.125, 0.875), (0.125, 0.8125), (0.125, 0.8125), (0.125, 0.875), (0.09375, 0.875), (0.09375, 0.8125), (0.09375, 0.8125), (0.09375, 0.875), (0.0625, 0.875), (0.0625, 0.8125), (0.0625, 0.8125), (0.0625, 0.875), (0.03125, 0.875), (0.03125, 0.8125), (0.03125, 0.8125), (0.03125, 0.875), (0, 0.875), (0, 0.8125), (1, 0.875), (1, 0.9375), (0.96875, 0.9375), (0.96875, 0.875), (0.96875, 0.875), (0.96875, 0.9375), (0.9375, 0.9375), (0.9375, 0.875), (0.9375, 0.875), (0.9375, 0.9375), (0.90625, 0.9375), (0.90625, 0.875), (0.90625, 0.875), (0.90625, 0.9375), (0.875, 0.9375), (0.875, 0.875), (0.875, 0.875), (0.875, 0.9375), (0.84375, 0.9375), (0.84375, 0.875), (0.84375, 0.875), (0.84375, 0.9375), (0.8125, 0.9375), (0.8125, 0.875), (0.8125, 0.875), (0.8125, 0.9375), (0.78125, 0.9375), (0.78125, 0.875), (0.78125, 0.875), (0.78125, 0.9375), (0.75, 0.9375), (0.75, 0.875), (0.75, 0.875), (0.75, 0.9375), (0.71875, 0.9375), (0.71875, 0.875), (0.71875, 0.875), (0.71875, 0.9375), (0.6875, 0.9375), (0.6875, 0.875), (0.6875, 0.875), (0.6875, 0.9375), (0.65625, 0.9375), (0.65625, 0.875), (0.65625, 0.875), (0.65625, 0.9375), (0.625, 0.9375), (0.625, 0.875), (0.625, 0.875), (0.625, 0.9375), (0.59375, 0.9375), (0.59375, 0.875), (0.59375, 0.875), (0.59375, 0.9375), (0.5625, 0.9375), (0.5625, 0.875), (0.5625, 0.875), (0.5625, 0.9375), (0.53125, 0.9375), (0.53125, 0.875), (0.53125, 0.875), (0.53125, 0.9375), (0.5, 0.9375), (0.5, 0.875), (0.5, 0.875), (0.5, 0.9375), (0.46875, 0.9375), (0.46875, 0.875), (0.46875, 0.875), (0.46875, 0.9375), (0.4375, 0.9375), (0.4375, 0.875), (0.4375, 0.875), (0.4375, 0.9375), (0.40625, 0.9375), (0.40625, 0.875), (0.40625, 0.875), (0.40625, 0.9375), (0.375, 0.9375), (0.375, 0.875), (0.375, 0.875), (0.375, 0.9375), (0.34375, 0.9375), (0.34375, 0.875), (0.34375, 0.875), (0.34375, 0.9375), (0.3125, 0.9375), (0.3125, 0.875), (0.3125, 0.875), (0.3125, 0.9375), (0.28125, 0.9375), (0.28125, 0.875), (0.28125, 0.875), (0.28125, 0.9375), (0.25, 0.9375), (0.25, 0.875), (0.25, 0.875), (0.25, 0.9375), (0.21875, 0.9375), (0.21875, 0.875), (0.21875, 0.875), (0.21875, 0.9375), (0.1875, 0.9375), (0.1875, 0.875), (0.1875, 0.875), (0.1875, 0.9375), (0.15625, 0.9375), (0.15625, 0.875), (0.15625, 0.875), (0.15625, 0.9375), (0.125, 0.9375), (0.125, 0.875), (0.125, 0.875), (0.125, 0.9375), (0.09375, 0.9375), (0.09375, 0.875), (0.09375, 0.875), (0.09375, 0.9375), (0.0625, 0.9375), (0.0625, 0.875), (0.0625, 0.875), (0.0625, 0.9375), (0.03125, 0.9375), (0.03125, 0.875), (0.03125, 0.875), (0.03125, 0.9375), (0, 0.9375), (0, 0.875), (1, 0.9375), (1, 1), (0.96875, 0.9375), (0.96875, 0.9375), (0.96875, 1), (0.9375, 0.9375), (0.9375, 0.9375), (0.9375, 1), (0.90625, 0.9375), (0.90625, 0.9375), (0.90625, 1), (0.875, 0.9375), (0.875, 0.9375), (0.875, 1), (0.84375, 0.9375), (0.84375, 0.9375), (0.84375, 1), (0.8125, 0.9375), (0.8125, 0.9375), (0.8125, 1), (0.78125, 0.9375), (0.78125, 0.9375), (0.78125, 1), (0.75, 0.9375), (0.75, 0.9375), (0.75, 1), (0.71875, 0.9375), (0.71875, 0.9375), (0.71875, 1), (0.6875, 0.9375), (0.6875, 0.9375), (0.6875, 1), (0.65625, 0.9375), (0.65625, 0.9375), (0.65625, 1), (0.625, 0.9375), (0.625, 0.9375), (0.625, 1), (0.59375, 0.9375), (0.59375, 0.9375), (0.59375, 1), (0.5625, 0.9375), (0.5625, 0.9375), (0.5625, 1), (0.53125, 0.9375), (0.53125, 0.9375), (0.53125, 1), (0.5, 0.9375), (0.5, 0.9375), (0.5, 1), (0.46875, 0.9375), (0.46875, 0.9375), (0.46875, 1), (0.4375, 0.9375), (0.4375, 0.9375), (0.4375, 1), (0.40625, 0.9375), (0.40625, 0.9375), (0.40625, 1), (0.375, 0.9375), (0.375, 0.9375), (0.375, 1), (0.34375, 0.9375), (0.34375, 0.9375), (0.34375, 1), (0.3125, 0.9375), (0.3125, 0.9375), (0.3125, 1), (0.28125, 0.9375), (0.28125, 0.9375), (0.28125, 1), (0.25, 0.9375), (0.25, 0.9375), (0.25, 1), (0.21875, 0.9375), (0.21875, 0.9375), (0.21875, 1), (0.1875, 0.9375), (0.1875, 0.9375), (0.1875, 1), (0.15625, 0.9375), (0.15625, 0.9375), (0.15625, 1), (0.125, 0.9375), (0.125, 0.9375), (0.125, 1), (0.09375, 0.9375), (0.09375, 0.9375), (0.09375, 1), (0.0625, 0.9375), (0.0625, 0.9375), (0.0625, 1), (0.03125, 0.9375), (0.03125, 0.9375), (0.03125, 1), (0, 0.9375)] (
            interpolation = "faceVarying"
        )
        uniform token subdivisionScheme = "none"
        quatd xformOp:orient = (1, 0, 0, 0)
        double3 xformOp:scale = (0.0013, 0.0013, 0.0013)
        double3 xformOp:translate = (0, -22.40000033378601, 0.12)
        double3 xformOp:translate.timeSamples = {
            1: (0, 0, 0.12),
            240: (0, -22.40000033378601, 0.12),
        }
        uniform token[] xformOpOrder = ["xformOp:translate", "xformOp:orient", "xformOp:scale"]
    }

    over "Materials"
    {
        over "SphereRed"
        {
            over "Shader"
            {
                color3f inputs:diffuseColor = (0.8841699, 0.6998256, 0.6998256)
                color3f inputs:emissiveColor = (0.94208497, 0.84442216, 0.5274221)
                color3f inputs:specularColor = (1, 0.99999, 0.99999)
            }
        }
    }

    def Sphere "Sphere_02" (
        prepend apiSchemas = ["MaterialBindingAPI"]
    )
    {
        float3[] extent = [(-50, -50, -50), (50, 50, 50)]
        rel material:binding = </World/Materials/SphereRed> (
            bindMaterialAs = "weakerThanDescendants"
        )
        double radius = 50
        custom bool refinementEnableOverride = 1
        custom int refinementLevel = 2
        quatd xformOp:orient = (1, 0, 0, 0)
        double3 xformOp:scale = (0.0013, 0.0013, 0.0013)
        double3 xformOp:translate.timeSamples = {
            1: (-0.45, -10, 0.15),
            240: (-0.45, -23, 0.15),
        }
        uniform token[] xformOpOrder = ["xformOp:translate", "xformOp:orient", "xformOp:scale"]
    }
}

over "Render"
{
    over "OmniverseKit"
    {
        over "HydraTextures"
        {
            over "omni_kit_widget_viewport_ViewportTexture_0"
            {
                rel camera = </World/still>
                bool omni:rtx:dlss:frameGeneration = 1
                bool omni:rtx:material:db:syncLoads
                bool omni:rtx:post:compositing:outputAlpha
                float omni:rtx:pt:fireflyFilter:maxPerEmissiveUnexposedIntensity = 3199.9995
                float omni:rtx:pt:fireflyFilter:maxUnexposedIntensityPerSample = 3199.9995
                float omni:rtx:pt:fireflyFilter:maxUnexposedIntensityPerSampleDiffuse = 3199.9995
                uint omni:rtx:pt:samplesPerPixel
                float omni:rtx:rt:directLighting:maxRayUnexposedIntensity = 6399.999
                bool omni:rtx:rt:ecoMode:enabled
                float omni:rtx:rt:indirectdiffuse:maxRayUnexposedIntensity = 6399.999
                float omni:rtx:rt:inscattering:maxRTSampleUnexposedIntensity = 204799.97
                float omni:rtx:rt:refractions:maxRayUnexposedIntensity = 19199.998
                bool omni:rtx:scene:hydra:materialSyncLoads
                bool omni:rtx:scene:useViewLightingMode
                uint omni:rtx:viewTile:limit = 4294967295
                rel orderedVars = </Render/Vars/LdrColor>
                custom bool overrideClipRange = 0
                uniform int2 resolution = (1280, 720)
            }
        }
    }
}

over "OmniverseKit_Persp" (
    prepend apiSchemas = ["OmniRtxCameraAutoExposureAPI_1", "OmniRtxCameraExposureAPI_1"]
    customData = {
        dictionary omni = {
            dictionary kit = {
                bool hide_in_stage_window = 1
                bool no_delete = 1
            }
        }
    }
    hide_in_stage_window = true
    kind = "component"
    no_delete = true
)
{
    float2 clippingRange = (0.01, 10000000)
    float exposure:fStop = 5
    float exposure:responsivity = 1.1026709
    float exposure:time = 0.02
    float focalLength = 18.147562
    float focusDistance = 400
    custom uniform vector3d omni:kit:centerOfInterest = (0, 0, -92.86874058575698)
    float3 xformOp:rotateXYZ = (157.7022, 63.691498, -180)
    float3 xformOp:scale = (1, 1, 1)
    double3 xformOp:translate = (52.857066778590514, -6.407049969711234, -9.897261772662025)
    uniform token[] xformOpOrder = ["xformOp:translate", "xformOp:rotateXYZ", "xformOp:scale"]
}

over "OmniverseKit_Front" (
    customData = {
        dictionary omni = {
            dictionary kit = {
                bool hide_in_stage_window = 1
                bool no_delete = 1
            }
        }
    }
    hide_in_stage_window = true
    kind = "component"
    no_delete = true
)
{
    float2 clippingRange = (1, 10000000)
    float horizontalAperture = 50
    custom uniform vector3d omni:kit:centerOfInterest = (0, 0, -500)
    token projection = "orthographic"
    float verticalAperture = 50
    float3 xformOp:rotateXYZ = (-0, 0, -0)
    float3 xformOp:scale = (1, 1, 1)
    double3 xformOp:translate = (0, 0, 500)
    uniform token[] xformOpOrder = ["xformOp:translate", "xformOp:rotateXYZ", "xformOp:scale"]
}

over "OmniverseKit_Right" (
    customData = {
        dictionary omni = {
            dictionary kit = {
                bool hide_in_stage_window = 1
                bool no_delete = 1
            }
        }
    }
    hide_in_stage_window = true
    kind = "component"
    no_delete = true
)
{
    float2 clippingRange = (1, 10000000)
    float horizontalAperture = 50
    custom uniform vector3d omni:kit:centerOfInterest = (0, 0, -500)
    token projection = "orthographic"
    float verticalAperture = 50
    float3 xformOp:rotateXYZ = (0, -90, -0)
    float3 xformOp:scale = (1, 1, 1)
    double3 xformOp:translate = (-500, 0, 0)
    uniform token[] xformOpOrder = ["xformOp:translate", "xformOp:rotateXYZ", "xformOp:scale"]
}

over "OmniverseKit_Top" (
    prepend apiSchemas = ["OmniRtxCameraAutoExposureAPI_1", "OmniRtxCameraExposureAPI_1"]
    customData = {
        dictionary omni = {
            dictionary kit = {
                bool hide_in_stage_window = 1
                bool no_delete = 1
            }
        }
    }
    hide_in_stage_window = true
    kind = "component"
    no_delete = true
)
{
    float2 clippingRange = (1, 10000000)
    float exposure:fStop = 5
    float exposure:responsivity = 1.1026709
    float exposure:time = 0.02
    float horizontalAperture = 610.58295
    custom uniform vector3d omni:kit:centerOfInterest = (0, 0, -500)
    token projection = "orthographic"
    float verticalAperture = 610.58295
    float3 xformOp:rotateXYZ = (90, 9.394214e-16, 180)
    float3 xformOp:scale = (1, 1, 1)
    double3 xformOp:translate = (15.853560434813664, 500, -8.883883711149457)
    uniform token[] xformOpOrder = ["xformOp:translate", "xformOp:rotateXYZ", "xformOp:scale"]
}

def PhysicsScene "PhysicsScene" (
    prepend apiSchemas = ["PhysxSceneAPI", "NewtonSceneAPI"]
)
{
}

